Image,Cell,Area,Perimeter,Major_diameter,Minor_diameter,Angle,Circularity,Aspect_ratio,Round,Solidity,Budded
1,1,6.291,9.453,3.035,2.64,34.61,0.885,1.15,0.87,0.964,FALSE
2,1,10.49,11.971,3.703,3.608,141.48,0.92,1.026,0.974,0.976,FALSE
3,1,5.226,8.588,2.818,2.361,143.708,0.89,1.193,0.838,0.965,FALSE
3,2,7.622,10.433,3.459,2.805,141.711,0.88,1.233,0.811,0.965,FALSE
4,1,5.644,8.848,2.737,2.625,28.098,0.906,1.043,0.959,0.961,FALSE
4,2,13.009,14.741,4.908,3.375,78.523,0.752,1.454,0.688,0.934,TRUE
5,1,13.849,13.876,4.56,3.867,65.074,0.904,1.179,0.848,0.977,FALSE
5,2,14.724,14.412,4.882,3.84,165.542,0.891,1.271,0.786,0.977,FALSE
5,3,7.034,10.011,3.036,2.95,132.408,0.882,1.029,0.971,0.961,FALSE
5,4,6.291,9.476,3.228,2.482,75.662,0.88,1.301,0.769,0.964,FALSE
6,1,9.899,11.619,3.692,3.413,55.857,0.921,1.082,0.924,0.975,FALSE
6,2,10.393,12.139,4.309,3.071,1.028,0.886,1.403,0.713,0.976,FALSE
7,1,7.664,10.325,3.434,2.841,78.447,0.903,1.209,0.827,0.97,FALSE
7,2,6.016,9.178,2.895,2.646,107.839,0.898,1.094,0.914,0.966,FALSE
8,1,8.991,11.197,3.766,3.04,110.345,0.901,1.239,0.807,0.974,FALSE
8,2,9.747,11.971,4.305,2.882,117.45,0.855,1.494,0.669,0.971,FALSE
8,3,9.13,12.982,3.606,3.223,93.497,0.681,1.119,0.894,0.936,FALSE
9,1,11.048,12.598,4.063,3.463,71.549,0.875,1.173,0.852,0.971,FALSE
10,1,5.619,8.848,2.988,2.394,71.045,0.902,1.248,0.801,0.967,FALSE
10,2,7.102,9.973,3.406,2.655,146.75,0.897,1.283,0.78,0.969,FALSE
10,3,13.815,13.961,4.545,3.871,151.837,0.891,1.174,0.852,0.975,FALSE
11,1,19.266,21.177,7.564,3.243,138.618,0.54,2.332,0.429,0.862,TRUE
12,1,13.444,13.74,4.592,3.728,50.094,0.895,1.232,0.812,0.974,FALSE
12,2,6.375,9.476,3.112,2.608,22.101,0.892,1.193,0.838,0.964,FALSE
12,3,7.436,10.348,3.639,2.601,1.222,0.873,1.399,0.715,0.967,FALSE
13,1,12.02,12.896,4.179,3.663,128.025,0.908,1.141,0.877,0.976,FALSE
13,2,10.752,12.285,4.071,3.363,124.29,0.895,1.21,0.826,0.973,FALSE
14,1,7.884,10.601,3.514,2.857,81.874,0.882,1.23,0.813,0.966,FALSE
14,2,8.936,11.343,3.974,2.863,89.399,0.873,1.388,0.72,0.97,FALSE
15,1,7.111,9.92,3.313,2.732,152.096,0.908,1.213,0.825,0.971,FALSE
16,1,7.82,10.401,3.402,2.927,87.785,0.908,1.162,0.86,0.971,FALSE
16,2,4.263,7.707,2.427,2.236,28.72,0.902,1.086,0.921,0.961,FALSE
16,3,11.534,12.744,4.12,3.564,21.388,0.892,1.156,0.865,0.969,FALSE
16,4,4.66,8.106,2.736,2.168,69.574,0.891,1.262,0.792,0.961,FALSE
17,1,9.303,11.511,4.04,2.932,3.635,0.882,1.378,0.726,0.973,FALSE
17,2,13.537,14.038,4.878,3.533,87.099,0.863,1.381,0.724,0.972,FALSE
18,1,11.538,12.76,4.255,3.452,134.496,0.891,1.233,0.811,0.971,FALSE
19,1,8.501,10.769,3.404,3.18,83.061,0.921,1.07,0.934,0.972,FALSE
19,2,8.023,10.547,3.344,3.054,94.358,0.906,1.095,0.913,0.968,FALSE
20,1,7.351,9.996,3.145,2.977,52.074,0.925,1.056,0.947,0.973,FALSE
21,1,9.075,11.143,3.587,3.221,129.627,0.918,1.113,0.898,0.975,FALSE
21,2,6.24,9.4,3.166,2.51,160.188,0.888,1.261,0.793,0.964,FALSE
21,3,12.556,13.394,4.623,3.459,142.001,0.88,1.337,0.748,0.975,FALSE
21,4,6.811,9.951,3.556,2.438,138.365,0.864,1.458,0.686,0.962,FALSE
22,1,11.023,12.399,4.072,3.446,71.516,0.901,1.182,0.846,0.975,FALSE
22,2,10.11,11.879,3.881,3.317,32.202,0.9,1.17,0.855,0.975,FALSE
22,3,8.251,10.823,3.628,2.896,154.593,0.885,1.253,0.798,0.97,FALSE
23,1,7.77,10.601,3.702,2.672,27.92,0.869,1.386,0.722,0.968,FALSE
24,1,7.613,10.271,3.303,2.935,93.641,0.907,1.125,0.889,0.969,FALSE
25,1,19.173,19.202,6.474,3.77,26.443,0.653,1.717,0.582,0.916,TRUE
26,1,8.678,11.273,3.716,2.973,159.083,0.858,1.25,0.8,0.96,FALSE
26,2,22.743,20.962,7.439,3.892,104.069,0.65,1.911,0.523,0.901,TRUE
27,1,7.985,10.455,3.206,3.171,64.141,0.918,1.011,0.989,0.972,FALSE
28,1,7.461,10.157,3.474,2.734,52.378,0.909,1.271,0.787,0.971,FALSE
28,2,11.411,12.583,4.111,3.534,32.974,0.906,1.163,0.86,0.976,FALSE
28,3,12.983,15.055,4.537,3.644,116.783,0.72,1.245,0.803,0.931,TRUE
29,1,4.745,8.052,2.639,2.289,111.592,0.92,1.153,0.867,0.964,FALSE
29,2,8.086,10.601,3.262,3.156,167.286,0.904,1.033,0.968,0.968,FALSE
29,3,6.384,9.53,3.322,2.447,116.393,0.883,1.357,0.737,0.967,FALSE
29,4,10.588,12.361,4.148,3.25,159.028,0.871,1.276,0.783,0.967,FALSE
29,5,9.941,12.852,4.027,3.143,111.363,0.756,1.281,0.78,0.936,FALSE
30,1,7.74,10.601,3.84,2.566,53.651,0.865,1.496,0.668,0.97,FALSE
30,2,7.36,10.341,3.295,2.844,111.176,0.865,1.159,0.863,0.965,FALSE
1,1,8.272,10.731,3.517,2.995,110.251,0.903,1.175,0.851,0.97,FALSE
1,2,9.776,11.834,4.187,2.973,43.721,0.877,1.408,0.71,0.971,FALSE
1,3,10.398,12.408,4.463,2.966,135.943,0.849,1.505,0.665,0.968,FALSE
1,4,18.45,19.931,6.899,3.405,136.802,0.584,2.026,0.493,0.885,TRUE
2,1,9.696,11.765,3.977,3.104,158.629,0.88,1.281,0.781,0.97,FALSE
2,2,8.471,11.061,3.795,2.842,143.524,0.87,1.335,0.749,0.967,FALSE
3,1,7.005,10.119,3.614,2.468,44.39,0.86,1.464,0.683,0.963,FALSE
3,2,12.658,14.082,4.405,3.659,78.603,0.802,1.204,0.831,0.948,FALSE
3,3,19.181,20.413,7.988,3.057,49.872,0.578,2.613,0.383,0.886,TRUE
3,4,13.173,18.016,7.208,2.327,169.875,0.51,3.097,0.323,0.876,TRUE
4,1,10.283,12.025,3.989,3.282,166.715,0.894,1.215,0.823,0.971,FALSE
4,2,10.643,12.3,4.207,3.221,53.357,0.884,1.306,0.766,0.971,FALSE
4,3,7.098,10.211,3.651,2.475,38.898,0.855,1.475,0.678,0.964,FALSE
4,4,12.514,13.784,4.476,3.56,78.189,0.828,1.257,0.795,0.958,TRUE
4,5,14.424,15.56,5.209,3.525,134.471,0.749,1.478,0.677,0.936,TRUE
4,6,6.827,11.289,3.589,2.422,45.54,0.673,1.482,0.675,0.905,TRUE
4,7,16.764,20.213,7.958,2.682,107.178,0.516,2.967,0.337,0.861,TRUE
5,1,11.352,12.468,3.922,3.685,39.05,0.918,1.064,0.939,0.977,FALSE
5,2,15.108,14.596,4.826,3.986,37.063,0.891,1.211,0.826,0.975,FALSE
5,3,11.788,12.896,4.305,3.487,81.32,0.891,1.235,0.81,0.973,FALSE
5,4,6.722,9.736,3.344,2.56,171.321,0.891,1.306,0.766,0.969,FALSE
5,5,6.768,10.011,3.597,2.396,67.297,0.849,1.502,0.666,0.965,FALSE
5,6,13.325,14.481,4.75,3.572,86.262,0.798,1.33,0.752,0.943,TRUE
5,7,28.096,24.934,9.506,3.763,11.794,0.568,2.526,0.396,0.878,TRUE
6,1,12.235,12.988,4.166,3.739,45.015,0.911,1.114,0.897,0.976,FALSE
6,2,8.893,11.558,4.29,2.64,41.571,0.837,1.625,0.615,0.964,FALSE
6,3,16.566,18.315,6.266,3.366,11.367,0.621,1.862,0.537,0.886,TRUE
7,1,7.871,10.655,3.799,2.638,127.184,0.871,1.44,0.694,0.968,FALSE
7,2,12.218,13.724,5.053,3.079,61.023,0.815,1.641,0.609,0.97,FALSE
8,1,7.905,10.455,3.286,3.063,99.104,0.909,1.073,0.932,0.969,FALSE
8,2,13.085,13.594,4.494,3.707,171.975,0.89,1.212,0.825,0.973,FALSE
8,3,16.177,15.246,5.285,3.897,92.995,0.875,1.356,0.737,0.975,FALSE
8,4,9.772,12.107,4.529,2.747,4.711,0.838,1.649,0.606,0.973,FALSE
8,5,12.582,16.073,5.567,2.877,145.801,0.612,1.935,0.517,0.888,TRUE
8,6,9.713,14.158,4.746,2.606,133.211,0.609,1.822,0.549,0.88,TRUE
8,7,17.331,19.402,7.173,3.076,144.395,0.579,2.332,0.429,0.899,TRUE
9,1,5.412,8.642,2.78,2.479,160.453,0.911,1.121,0.892,0.963,FALSE
9,2,10.824,12.338,4.102,3.36,12.358,0.893,1.221,0.819,0.971,FALSE
9,3,8.796,11.137,3.764,2.975,154.503,0.891,1.265,0.79,0.971,FALSE
9,4,10.71,12.307,4.233,3.222,175.556,0.889,1.314,0.761,0.973,FALSE
9,5,13.477,13.86,4.692,3.657,81.581,0.882,1.283,0.78,0.972,FALSE
9,6,7.694,10.608,3.873,2.529,0.988,0.859,1.531,0.653,0.971,FALSE
9,7,9.117,11.948,4.192,2.769,14.559,0.803,1.514,0.661,0.957,FALSE
9,8,11.69,13.638,4.382,3.397,83.297,0.79,1.29,0.775,0.946,FALSE
10,1,9.582,11.451,3.717,3.282,128.499,0.918,1.133,0.883,0.975,FALSE
10,2,13.465,13.914,4.806,3.567,17.799,0.874,1.347,0.742,0.976,FALSE
10,3,10.224,12.246,4.408,2.953,166.139,0.857,1.493,0.67,0.971,FALSE
10,4,12.941,14.107,5.306,3.105,123.1,0.817,1.709,0.585,0.972,FALSE
10,5,8.403,11.52,4.22,2.535,124.281,0.796,1.664,0.601,0.95,FALSE
10,6,7.491,11.029,4.242,2.248,147.763,0.774,1.887,0.53,0.96,FALSE
10,7,17.445,18.324,5.518,4.025,78.523,0.653,1.371,0.729,0.87,TRUE
11,1,6.553,9.53,3.057,2.729,58.469,0.907,1.12,0.893,0.965,FALSE
11,2,14.69,14.481,4.869,3.842,9.915,0.88,1.267,0.789,0.973,FALSE
11,3,13.047,13.715,4.627,3.59,174.909,0.872,1.289,0.776,0.973,FALSE
11,4,11.445,13.058,4.188,3.479,14.824,0.843,1.204,0.831,0.959,FALSE
11,5,9.447,11.879,4.35,2.765,116.938,0.841,1.573,0.636,0.97,FALSE
11,6,5.936,9.415,3.353,2.254,77.044,0.841,1.487,0.672,0.958,FALSE
12,1,11.504,12.659,4.217,3.474,176.631,0.902,1.214,0.824,0.977,FALSE
12,2,9.912,12.088,4.294,2.939,129.119,0.852,1.461,0.684,0.966,FALSE
12,3,12.97,13.854,4.866,3.394,73.079,0.849,1.434,0.698,0.973,FALSE
12,4,9.764,12.484,4.619,2.692,16.667,0.787,1.716,0.583,0.968,FALSE
13,1,10.807,12.285,3.933,3.498,110.49,0.9,1.124,0.889,0.972,FALSE
13,2,7.377,10.249,3.51,2.676,88.744,0.882,1.311,0.763,0.967,FALSE
13,3,12.278,13.286,4.382,3.568,31.118,0.874,1.228,0.814,0.97,FALSE
13,4,11.64,14.434,5.185,2.858,109.647,0.702,1.814,0.551,0.932,TRUE
13,5,11.61,14.871,5.092,2.903,106.917,0.66,1.754,0.57,0.912,TRUE
13,6,17.162,20.236,8.009,2.728,163.797,0.527,2.936,0.341,0.868,TRUE
14,1,6.135,9.346,3.171,2.464,144.358,0.883,1.287,0.777,0.965,FALSE
14,2,12.041,13.141,4.171,3.675,140.701,0.876,1.135,0.881,0.968,FALSE
14,3,8.192,10.915,3.919,2.662,41.464,0.864,1.472,0.679,0.968,FALSE
14,4,8.615,11.587,4.154,2.64,112.318,0.806,1.573,0.636,0.952,FALSE
14,5,11.559,14.342,5.151,2.857,93.84,0.706,1.803,0.555,0.928,TRUE
14,6,16.591,17.956,6.439,3.281,64.962,0.647,1.962,0.51,0.903,TRUE
14,7,16.874,18.178,6.156,3.49,0.778,0.642,1.764,0.567,0.896,TRUE
14,8,11.445,15.351,4.469,3.261,102.219,0.61,1.37,0.73,0.854,TRUE
14,9,15.336,18.191,5.647,3.458,116.662,0.582,1.633,0.612,0.863,TRUE
14,10,19.236,20.711,6.964,3.517,144.665,0.564,1.98,0.505,0.866,TRUE
14,1,17.187,19.966,7.741,2.827,97.112,0.542,2.738,0.365,0.878,TRUE
15,1,12.311,13.026,4.252,3.686,43.349,0.912,1.154,0.867,0.978,FALSE
15,2,9.084,11.213,3.575,3.235,74.519,0.908,1.105,0.905,0.971,FALSE
15,3,11.61,12.69,4.133,3.577,107.436,0.906,1.155,0.866,0.975,FALSE
15,4,11.779,17.227,6.012,2.495,157.347,0.499,2.41,0.415,0.834,TRUE
16,1,6.515,9.422,2.997,2.767,25.719,0.922,1.083,0.923,0.971,FALSE
16,2,10.964,12.269,3.955,3.529,56.531,0.915,1.121,0.892,0.976,FALSE
16,3,13.152,14.136,4.376,3.826,119.91,0.827,1.144,0.874,0.949,TRUE
16,4,13.972,16.723,5.506,3.231,106.661,0.628,1.704,0.587,0.899,TRUE
16,5,15.091,18.559,6.538,2.939,83.673,0.551,2.225,0.449,0.862,TRUE
16,6,24.509,27.232,8.929,3.495,59.491,0.415,2.555,0.391,0.808,TRUE
17,1,18.839,19.716,6.865,3.494,148.417,0.609,1.965,0.509,0.885,TRUE
17,2,12.1,16.156,5.25,2.934,150.859,0.583,1.789,0.559,0.86,TRUE
18,1,7.491,10.141,3.275,2.912,161.112,0.915,1.125,0.889,0.973,FALSE
18,2,14.665,17.382,5.817,3.21,151.532,0.61,1.812,0.552,0.904,TRUE
19,1,9.527,11.78,4.215,2.878,130.418,0.863,1.464,0.683,0.968,FALSE
19,2,9.574,11.986,4.438,2.747,116.377,0.837,1.616,0.619,0.971,FALSE
19,3,6.967,10.617,4.04,2.196,59.608,0.777,1.84,0.544,0.955,FALSE
19,4,19.021,20.159,6.934,3.493,149.883,0.588,1.985,0.504,0.882,TRUE
20,1,7.753,10.401,3.423,2.884,16.801,0.9,1.187,0.842,0.969,FALSE
20,2,8.657,11.283,4.092,2.694,138.934,0.855,1.519,0.658,0.968,FALSE
20,3,9.286,11.771,4.18,2.828,92.769,0.842,1.478,0.677,0.965,FALSE
20,4,10.152,12.323,4.387,2.946,18.612,0.84,1.489,0.672,0.97,FALSE
20,5,11.255,13.02,4.764,3.008,59.418,0.834,1.584,0.631,0.97,FALSE
20,6,17.876,19.586,6.702,3.396,132.272,0.586,1.973,0.507,0.878,TRUE
20,7,15.919,19.066,6.202,3.268,177.275,0.55,1.898,0.527,0.857,TRUE
21,1,10.469,12.316,4.432,3.008,128.399,0.867,1.473,0.679,0.973,FALSE
21,2,18.961,20.115,7.349,3.285,64.652,0.589,2.237,0.447,0.895,TRUE
22,1,13.351,13.93,4.853,3.502,65.164,0.865,1.386,0.722,0.974,FALSE
22,2,8.631,11.213,3.832,2.868,57.269,0.863,1.336,0.748,0.963,FALSE
22,3,8.002,10.883,3.926,2.595,107.061,0.849,1.513,0.661,0.968,FALSE
22,4,9.113,11.657,4.128,2.811,142.45,0.843,1.468,0.681,0.966,FALSE
22,5,9.633,12.735,4.061,3.02,82.531,0.746,1.345,0.744,0.933,FALSE
22,6,19.413,21.238,8.28,2.985,77.748,0.541,2.774,0.361,0.868,TRUE
22,7,17.297,20.635,7.333,3.003,128.851,0.51,2.441,0.41,0.845,TRUE
23,1,4.69,8.09,2.64,2.262,103.946,0.9,1.167,0.857,0.96,FALSE
23,2,11.162,12.814,4.621,3.075,144.798,0.854,1.503,0.665,0.97,FALSE
23,3,11.589,14.38,5.26,2.805,173.047,0.704,1.875,0.533,0.937,TRUE
23,4,11.23,14.206,4.7,3.042,135.096,0.699,1.545,0.647,0.906,TRUE
23,5,17.69,19.418,6.809,3.308,85.538,0.59,2.059,0.486,0.867,TRUE
24,1,15.184,14.481,4.764,4.058,45.226,0.91,1.174,0.852,0.979,FALSE
24,2,10.427,12.101,4.017,3.305,92.715,0.895,1.215,0.823,0.973,FALSE
24,3,7.077,10.141,3.645,2.472,86.361,0.865,1.475,0.678,0.968,FALSE
24,4,10.393,12.323,4.391,3.014,166.2,0.86,1.457,0.686,0.971,FALSE
24,5,6.756,9.942,3.552,2.422,162.822,0.859,1.467,0.682,0.965,FALSE
24,6,10.955,12.744,4.58,3.046,34.504,0.848,1.504,0.665,0.97,FALSE
24,7,12.721,16.34,4.541,3.567,76.4,0.599,1.273,0.785,0.898,TRUE
25,1,9.705,11.726,4.029,3.067,136.103,0.887,1.314,0.761,0.971,FALSE
25,2,12.18,13.455,4.933,3.144,0.352,0.846,1.569,0.637,0.975,FALSE
25,3,9.582,12.094,4.475,2.727,113.914,0.823,1.641,0.609,0.967,FALSE
25,4,12.704,15.598,5.532,2.924,159.451,0.656,1.892,0.529,0.91,TRUE
25,5,19.397,20.626,8.019,3.08,131.981,0.573,2.603,0.384,0.867,TRUE
26,1,6.109,9.162,2.921,2.663,32.142,0.915,1.097,0.912,0.967,FALSE
26,2,10.055,11.895,4.121,3.106,135.482,0.893,1.327,0.754,0.974,FALSE
26,3,10.047,12.354,4.564,2.803,113.886,0.827,1.629,0.614,0.968,FALSE
26,4,13.617,15.873,5.702,3.041,159.426,0.679,1.875,0.533,0.924,TRUE
26,5,9.384,13.715,4.676,2.555,45.197,0.627,1.83,0.546,0.884,TRUE
26,6,14.508,17.902,6.84,2.701,54.045,0.569,2.533,0.395,0.873,TRUE
27,1,10.938,13.56,3.969,3.509,30.688,0.748,1.131,0.884,0.924,TRUE
27,2,14.804,15.826,4.696,4.014,139.685,0.743,1.17,0.855,0.937,TRUE
27,3,9.455,13.179,3.961,3.039,43.534,0.684,1.303,0.767,0.902,TRUE
27,4,9.996,13.845,4.152,3.065,54.803,0.655,1.355,0.738,0.904,TRUE
27,5,11.454,16.124,3.95,3.692,0.308,0.554,1.07,0.935,0.852,TRUE
28,1,9.033,11.213,3.77,3.051,52.419,0.903,1.236,0.809,0.972,FALSE
28,2,14.031,14.076,4.685,3.813,137.89,0.89,1.229,0.814,0.975,FALSE
28,3,11.023,12.545,4.19,3.349,77.813,0.88,1.251,0.799,0.969,FALSE
28,4,9.172,11.565,3.678,3.175,170.593,0.862,1.158,0.863,0.956,FALSE
28,5,6.113,9.491,3.398,2.291,38.82,0.853,1.483,0.674,0.964,FALSE
28,6,29.143,27.378,10.122,3.666,144.865,0.489,2.761,0.362,0.828,TRUE
29,1,6.312,9.292,3.026,2.656,73.82,0.919,1.139,0.878,0.97,FALSE
29,2,13.406,14.168,4.837,3.529,117.875,0.839,1.371,0.73,0.964,FALSE
29,3,15.759,18.438,6.483,3.095,40.791,0.583,2.095,0.477,0.892,TRUE
30,1,7.465,10.141,3.336,2.849,57.214,0.912,1.171,0.854,0.972,FALSE
30,2,13.676,13.87,4.455,3.909,1.885,0.893,1.14,0.878,0.973,FALSE
30,3,13.558,14.183,5.125,3.368,48.016,0.847,1.522,0.657,0.974,FALSE
30,4,22.379,21.735,7.18,3.969,127.306,0.595,1.809,0.553,0.877,TRUE
1,1,7.896,10.417,3.328,3.021,74.028,0.914,1.102,0.908,0.97,FALSE
1,2,7.529,10.401,3.643,2.632,8.009,0.874,1.384,0.722,0.966,FALSE
1,3,13.372,14.13,5.181,3.286,39.219,0.842,1.576,0.634,0.975,FALSE
2,1,8.648,11.121,3.838,2.869,87.515,0.879,1.338,0.748,0.971,FALSE
2,2,10.702,12.684,4.417,3.085,46.103,0.836,1.432,0.698,0.968,FALSE
2,3,9.417,11.98,4.372,2.743,47.185,0.825,1.594,0.627,0.965,FALSE
3,1,7.085,9.935,3.123,2.888,66.032,0.902,1.081,0.925,0.966,FALSE
3,2,10.562,12.538,4.526,2.971,36.394,0.844,1.523,0.656,0.968,FALSE
3,3,15.324,15.353,5.008,3.896,56.363,0.817,1.286,0.778,0.961,TRUE
4,1,8.881,11.029,3.574,3.164,44.706,0.917,1.13,0.885,0.973,FALSE
4,2,12.286,14.472,5.003,3.127,73.336,0.737,1.6,0.625,0.948,TRUE
5,1,8.23,10.877,3.726,2.813,136.849,0.874,1.325,0.755,0.967,FALSE
6,1,12.007,13.21,4.662,3.279,31.471,0.865,1.422,0.703,0.973,FALSE
6,2,11.737,13.518,5.114,2.922,153.529,0.807,1.75,0.571,0.97,FALSE
6,3,10.799,16.143,5.477,2.51,16.353,0.521,2.182,0.458,0.855,TRUE
7,1,8.665,11.175,3.892,2.835,117.237,0.872,1.373,0.729,0.971,FALSE
8,1,12.375,13.242,4.478,3.518,53.012,0.887,1.273,0.786,0.973,FALSE
8,2,5.712,9.032,3.207,2.268,66.983,0.88,1.414,0.707,0.965,FALSE
8,3,12.054,16.647,6.796,2.258,64.361,0.547,3.01,0.332,0.876,TRUE
9,1,6.27,9.346,2.947,2.708,65.991,0.902,1.088,0.919,0.964,FALSE
9,2,10.562,12.361,4.444,3.026,173.674,0.869,1.468,0.681,0.973,FALSE
9,3,6.506,9.698,3.291,2.517,97.481,0.869,1.307,0.765,0.963,FALSE
9,4,9.717,13.546,3.898,3.174,9.005,0.665,1.228,0.814,0.917,TRUE
10,1,8.006,10.585,3.534,2.885,12.057,0.898,1.225,0.816,0.97,FALSE
10,2,10.702,12.446,4.302,3.167,163.497,0.868,1.358,0.736,0.972,FALSE
10,3,12.434,13.556,4.638,3.413,68.817,0.85,1.359,0.736,0.971,FALSE
11,1,12.755,13.831,4.929,3.295,124.413,0.838,1.496,0.668,0.969,FALSE
11,2,9.35,11.872,3.874,3.073,160.233,0.834,1.261,0.793,0.961,FALSE
12,1,7.288,10.05,3.158,2.938,136.822,0.907,1.075,0.931,0.967,FALSE
12,2,10.283,12.025,4.033,3.246,129.904,0.894,1.242,0.805,0.972,FALSE
12,3,11.5,12.836,4.456,3.286,21.112,0.877,1.356,0.738,0.974,FALSE
12,4,8.129,10.845,3.894,2.658,89.052,0.868,1.465,0.683,0.971,FALSE
12,5,8.885,11.74,3.613,3.131,74.794,0.81,1.154,0.866,0.938,FALSE
12,6,6.819,10.341,3.967,2.189,58.945,0.801,1.812,0.552,0.963,FALSE
12,7,9.307,16.21,4.177,2.837,147.04,0.445,1.473,0.679,0.81,TRUE
13,1,4.647,8.404,2.603,2.274,142.78,0.827,1.145,0.874,0.931,FALSE
13,2,13.562,16.149,5.106,3.382,47.931,0.653,1.51,0.662,0.894,TRUE
13,3,11.462,15.338,5.431,2.687,45.938,0.612,2.021,0.495,0.887,TRUE
13,4,16.439,19.196,7.447,2.811,57.721,0.561,2.65,0.377,0.883,TRUE
13,5,15.653,19.89,7.941,2.51,164.364,0.497,3.164,0.316,0.866,TRUE
14,1,8.108,10.715,3.595,2.871,162.427,0.887,1.252,0.799,0.969,FALSE
14,2,8.708,11.213,3.8,2.917,99.454,0.87,1.303,0.768,0.967,FALSE
14,3,12.654,13.876,5.139,3.135,74.816,0.826,1.639,0.61,0.974,FALSE
14,4,6.287,9.828,3.705,2.161,111.14,0.818,1.715,0.583,0.964,FALSE
14,5,11.255,13.961,4.334,3.307,157.91,0.726,1.311,0.763,0.919,TRUE
15,1,13.773,16.755,5.496,3.191,140.394,0.617,1.722,0.581,0.895,TRUE
15,2,15.32,17.994,6.346,3.073,149.182,0.595,2.065,0.484,0.901,TRUE
15,3,18.387,21.332,8.352,2.803,132.378,0.508,2.98,0.336,0.862,TRUE
16,1,7.761,10.531,3.702,2.67,74.698,0.879,1.387,0.721,0.97,FALSE
16,2,7.736,10.525,3.706,2.658,126.945,0.878,1.394,0.717,0.968,FALSE
16,3,12.628,13.578,4.673,3.441,154.628,0.861,1.358,0.736,0.968,FALSE
16,4,14.044,15.261,5.624,3.179,69.237,0.758,1.769,0.565,0.951,TRUE
16,5,21.441,21.193,8.166,3.343,175.006,0.6,2.443,0.409,0.89,TRUE
16,6,19.215,20.511,8.059,3.036,67.442,0.574,2.654,0.377,0.88,TRUE
16,7,13.925,17.519,6.699,2.647,84.915,0.57,2.531,0.395,0.878,TRUE
16,8,18.281,20.464,8.514,2.734,171.825,0.549,3.114,0.321,0.893,TRUE
17,1,16.426,15.214,5.109,4.094,19.919,0.892,1.248,0.801,0.979,FALSE
17,2,11.192,12.56,4.187,3.403,98.71,0.891,1.23,0.813,0.973,FALSE
17,3,8.589,11.336,3.934,2.78,143.917,0.84,1.415,0.707,0.956,FALSE
17,4,4.238,7.998,2.402,2.247,26.812,0.832,1.069,0.935,0.927,FALSE
18,1,10.638,12.437,4.391,3.085,9.707,0.864,1.424,0.702,0.971,FALSE
18,2,10.651,12.468,4.365,3.107,97.5,0.861,1.405,0.712,0.966,FALSE
18,3,9.236,11.657,3.909,3.008,32.898,0.854,1.3,0.769,0.961,FALSE
18,4,6.135,9.558,3.441,2.27,17.556,0.844,1.516,0.66,0.964,FALSE
18,5,6.608,10.04,3.6,2.337,164.763,0.824,1.54,0.649,0.96,FALSE
18,6,18.945,21.354,7.95,3.034,165.656,0.522,2.62,0.382,0.876,TRUE
19,1,9.008,11.143,3.611,3.176,42.208,0.912,1.137,0.879,0.974,FALSE
19,2,15.125,16.089,5.777,3.333,87.787,0.734,1.733,0.577,0.941,TRUE
20,1,5.387,8.588,2.659,2.579,175.087,0.918,1.031,0.97,0.964,FALSE
20,2,8.255,10.747,3.435,3.06,138.298,0.898,1.123,0.891,0.968,FALSE
20,3,6.853,9.805,3.058,2.853,145.155,0.896,1.072,0.933,0.961,FALSE
20,4,7.571,10.325,3.57,2.7,22.228,0.892,1.322,0.756,0.97,FALSE
20,5,8.353,10.899,3.767,2.823,96.753,0.884,1.334,0.75,0.971,FALSE
20,6,4.643,8.151,2.834,2.086,71.206,0.878,1.359,0.736,0.964,FALSE
20,7,6.992,10.554,3.608,2.468,91.719,0.789,1.462,0.684,0.94,FALSE
21,1,11.255,12.506,4.038,3.549,79.938,0.904,1.138,0.879,0.973,FALSE
21,2,8.424,10.823,3.473,3.088,97.716,0.904,1.125,0.889,0.97,FALSE
21,3,7.867,10.455,3.451,2.902,129.35,0.904,1.189,0.841,0.971,FALSE
21,4,13.11,13.708,4.603,3.626,99.824,0.877,1.269,0.788,0.972,FALSE
21,5,11.069,12.614,4.275,3.297,67.625,0.874,1.297,0.771,0.969,FALSE
21,6,6.984,10.233,3.638,2.444,76.193,0.838,1.488,0.672,0.954,FALSE
21,7,6.646,10.081,3.54,2.39,32.252,0.822,1.481,0.675,0.956,FALSE
21,8,16.545,16.187,5.164,4.079,87.093,0.793,1.266,0.79,0.948,TRUE
21,9,17.364,18.974,6.333,3.491,48.468,0.606,1.814,0.551,0.887,TRUE
22,1,8.222,10.861,3.774,2.773,62.491,0.876,1.361,0.735,0.968,FALSE
22,2,10.651,12.392,4.364,3.108,44.929,0.872,1.404,0.712,0.971,FALSE
22,3,11.783,13.112,4.625,3.244,126.703,0.861,1.426,0.701,0.97,FALSE
22,4,10.786,12.69,4.613,2.977,114.894,0.842,1.55,0.645,0.971,FALSE
22,5,7.93,11.318,4.16,2.427,17.108,0.778,1.714,0.583,0.955,FALSE
22,6,5.18,9.52,3.648,1.808,95.734,0.718,2.018,0.496,0.938,FALSE
22,7,24.982,26.113,9.496,3.35,55.495,0.46,2.835,0.353,0.833,TRUE
23,1,9.472,11.397,3.529,3.417,154.172,0.916,1.033,0.968,0.973,FALSE
23,2,8.936,11.137,3.503,3.248,117.907,0.905,1.078,0.927,0.969,FALSE
23,3,10.199,11.971,4.133,3.142,142.652,0.894,1.316,0.76,0.973,FALSE
23,4,13.545,17.734,6.242,2.763,147.163,0.541,2.26,0.443,0.874,TRUE
24,1,9.274,11.343,3.669,3.218,154.918,0.906,1.14,0.877,0.971,FALSE
24,2,13.731,13.838,4.348,4.021,15.696,0.901,1.081,0.925,0.976,FALSE
24,3,11.293,12.56,4.21,3.415,96.524,0.9,1.233,0.811,0.974,FALSE
24,4,8.496,10.915,3.641,2.971,163.702,0.896,1.225,0.816,0.969,FALSE
24,5,8.957,11.267,3.904,2.921,136.659,0.887,1.336,0.748,0.969,FALSE
24,6,12.202,13.188,4.59,3.384,121.61,0.882,1.356,0.737,0.974,FALSE
24,7,10.043,11.971,4.191,3.051,121.1,0.881,1.374,0.728,0.973,FALSE
24,8,7.55,10.401,3.337,2.881,114.258,0.877,1.158,0.863,0.962,FALSE
24,9,5.543,8.994,2.958,2.386,56.773,0.861,1.24,0.807,0.947,FALSE
24,10,10.6,12.621,4.54,2.973,71.453,0.836,1.527,0.655,0.963,FALSE
24,11,5.86,9.406,2.873,2.597,6.738,0.832,1.107,0.904,0.94,FALSE
24,12,6.177,11.663,3.845,2.046,166.963,0.571,1.88,0.532,0.876,TRUE
24,13,7.846,15.62,3.805,2.625,173.085,0.404,1.449,0.69,0.769,TRUE
25,1,9.109,11.527,3.965,2.925,27.055,0.861,1.355,0.738,0.966,FALSE
25,2,6.861,10.76,4.047,2.159,162.595,0.745,1.874,0.534,0.95,FALSE
25,3,5.319,9.596,3.275,2.068,83.428,0.726,1.583,0.632,0.919,FALSE
25,4,16.519,17.106,5.223,4.027,38.439,0.709,1.297,0.771,0.918,TRUE
25,5,15.231,19.196,7.083,2.738,165.099,0.519,2.587,0.387,0.869,TRUE
26,1,14.884,14.313,4.594,4.125,134.907,0.913,1.114,0.898,0.978,FALSE
26,2,10.697,12.392,4.302,3.166,122.858,0.875,1.359,0.736,0.972,FALSE
26,3,11.576,13.372,5.07,2.907,22.182,0.814,1.744,0.573,0.972,FALSE
26,4,19.891,21.491,7.697,3.29,162.313,0.541,2.339,0.428,0.871,TRUE
27,1,5.775,9.108,3.156,2.33,178.652,0.875,1.354,0.738,0.963,FALSE
27,2,9.616,12.053,4.096,2.989,99.013,0.832,1.37,0.73,0.957,FALSE
27,3,17.352,17.595,6.728,3.284,99.755,0.704,2.049,0.488,0.925,TRUE
27,4,18.129,19.218,7.225,3.195,50.172,0.617,2.262,0.442,0.896,TRUE
27,5,17.673,19.608,7.779,2.892,103.707,0.578,2.69,0.372,0.894,TRUE
28,1,5.454,8.664,2.703,2.569,1.18,0.913,1.052,0.95,0.964,FALSE
28,2,8.539,11.143,3.94,2.759,80.649,0.864,1.428,0.7,0.969,FALSE
28,3,11.306,13.058,4.69,3.069,103.621,0.833,1.528,0.654,0.967,FALSE
28,4,11.12,12.966,4.772,2.967,110.206,0.831,1.608,0.622,0.968,FALSE
28,5,12.202,14.015,5.107,3.042,58.354,0.781,1.679,0.596,0.959,FALSE
28,6,16.148,18.796,7.416,2.772,115.075,0.574,2.675,0.374,0.886,TRUE
29,1,8.488,11.013,3.913,2.762,83.41,0.879,1.417,0.706,0.974,FALSE
29,2,11.213,12.912,4.701,3.037,113.014,0.845,1.548,0.646,0.971,FALSE
29,3,15.712,15.851,5.211,3.839,118.228,0.786,1.357,0.737,0.95,TRUE
29,4,12.776,15.797,5.544,2.934,103.728,0.643,1.89,0.529,0.907,TRUE
30,1,8.775,11.22,3.844,2.907,95.794,0.876,1.322,0.756,0.97,FALSE
30,2,14.88,17.725,7.085,2.674,100.171,0.595,2.65,0.377,0.905,TRUE
30,3,11.952,16.514,5.84,2.606,99.676,0.551,2.241,0.446,0.887,TRUE
1,1,8.365,10.823,3.618,2.944,19.149,0.897,1.229,0.814,0.97,FALSE
1,2,9.155,11.381,3.845,3.031,53.727,0.888,1.269,0.788,0.973,FALSE
2,1,19.088,20.178,6.727,3.613,74.291,0.589,1.862,0.537,0.897,TRUE
3,1,14.834,17.151,6.072,3.11,16.033,0.634,1.952,0.512,0.903,TRUE
4,1,10.081,14.069,4.517,2.842,105.377,0.64,1.589,0.629,0.901,TRUE
5,1,5.556,8.848,2.967,2.384,68.8,0.892,1.245,0.804,0.964,FALSE
5,2,14.66,15.575,5.685,3.283,93.855,0.759,1.731,0.578,0.953,TRUE
6,1,6.118,9.238,2.997,2.599,51.387,0.901,1.153,0.867,0.966,FALSE
7,1,7.461,10.195,3.231,2.94,35.603,0.902,1.099,0.91,0.967,FALSE
7,2,7.461,10.547,3.836,2.476,70.498,0.843,1.549,0.646,0.966,FALSE
7,3,14.394,17.23,6.621,2.768,28.97,0.609,2.392,0.418,0.899,TRUE
8,1,9.607,11.825,3.92,3.121,150.495,0.863,1.256,0.796,0.963,FALSE
8,2,8.953,12.567,4.204,2.712,52.188,0.712,1.55,0.645,0.925,TRUE
8,3,9.979,13.838,4.208,3.02,123.638,0.655,1.393,0.718,0.909,TRUE
9,1,8.813,11.137,3.699,3.033,60.561,0.893,1.22,0.82,0.969,FALSE
10,1,21.864,23.773,9.123,3.051,158.097,0.486,2.99,0.334,0.84,TRUE
11,1,9.586,11.679,3.869,3.155,37.631,0.883,1.226,0.815,0.968,FALSE
12,1,5.966,9.2,3.281,2.315,2.825,0.886,1.417,0.706,0.97,FALSE
13,1,11.107,14.038,4.733,2.988,32.055,0.708,1.584,0.631,0.902,TRUE
13,2,14.61,17.947,6.575,2.829,128.122,0.57,2.324,0.43,0.865,TRUE
14,1,11.733,16.263,6.041,2.473,166.406,0.557,2.443,0.409,0.875,TRUE
15,1,10.567,13.585,4.526,2.972,13.744,0.72,1.523,0.657,0.924,TRUE
15,2,10.457,13.854,4.499,2.959,97.424,0.685,1.52,0.658,0.908,TRUE
15,3,9.012,12.896,4.64,2.473,146.64,0.681,1.876,0.533,0.925,TRUE
16,1,8.463,11.121,4.045,2.664,87.956,0.86,1.519,0.659,0.973,FALSE
16,2,4.474,8.839,3.15,1.809,84.07,0.72,1.741,0.574,0.911,FALSE
16,3,10.212,14.434,5.02,2.59,66.192,0.616,1.938,0.516,0.891,TRUE
16,4,12.531,17.351,5.81,2.746,97.224,0.523,2.115,0.473,0.86,TRUE
16,5,15.683,20.419,7.383,2.704,92.793,0.473,2.73,0.366,0.828,TRUE
17,1,9.983,15.445,5.641,2.253,88.351,0.526,2.504,0.399,0.845,TRUE
18,1,15.827,14.818,4.811,4.188,66.944,0.906,1.149,0.871,0.979,FALSE
18,2,14.838,14.412,4.65,4.063,65.753,0.898,1.145,0.874,0.976,FALSE
18,3,6.95,9.904,3.528,2.509,87.949,0.89,1.406,0.711,0.974,FALSE
18,4,10.043,12.155,4.258,3.003,26.981,0.854,1.418,0.705,0.968,FALSE
18,5,12.692,15.353,5.052,3.199,57.844,0.677,1.579,0.633,0.917,TRUE
19,1,8.247,10.953,3.888,2.701,46.482,0.864,1.44,0.695,0.967,FALSE
19,2,7.009,10.357,3.904,2.286,62.201,0.821,1.708,0.585,0.963,FALSE
19,3,8.424,11.879,3.931,2.729,8.73,0.75,1.441,0.694,0.929,TRUE
19,4,10.588,14.412,4.966,2.715,143.015,0.641,1.829,0.547,0.897,TRUE
20,1,11.407,12.621,4.046,3.59,147.663,0.9,1.127,0.887,0.973,FALSE
21,1,15.332,15.654,6.198,3.15,46.329,0.786,1.968,0.508,0.974,FALSE
22,1,5.26,8.642,2.759,2.427,38.867,0.885,1.137,0.88,0.961,FALSE
23,1,12.379,15.645,5.476,2.878,98.979,0.636,1.902,0.526,0.91,TRUE
24,1,9.692,11.581,3.671,3.361,67.44,0.908,1.092,0.916,0.971,FALSE
24,2,9.033,11.381,3.901,2.948,51.328,0.876,1.323,0.756,0.969,FALSE
24,3,14.572,18.796,6.906,2.687,25.934,0.518,2.57,0.389,0.852,TRUE
25,1,5.944,10.027,3.919,1.931,40.195,0.743,2.03,0.493,0.948,TRUE
25,2,12.404,15.17,5.251,3.008,83.572,0.677,1.746,0.573,0.913,TRUE
25,3,13.161,16.951,5.826,2.876,50.224,0.576,2.026,0.494,0.86,TRUE
26,1,10.093,14.443,5.108,2.516,174.27,0.608,2.03,0.493,0.883,TRUE
26,2,11.559,15.521,5.694,2.585,68.883,0.603,2.203,0.454,0.887,TRUE
27,1,26.727,21.247,7.625,4.463,101.033,0.744,1.709,0.585,0.945,TRUE
28,1,10.267,12.269,4.376,2.987,99.375,0.857,1.465,0.683,0.969,FALSE
28,2,6.954,10.256,2.991,2.96,20.551,0.831,1.011,0.99,0.937,FALSE
28,3,11.741,13.585,4.515,3.311,121.993,0.8,1.363,0.733,0.952,FALSE
29,1,8.188,10.823,3.707,2.812,56.473,0.878,1.318,0.759,0.966,FALSE
29,2,12.075,13.21,4.493,3.422,133.401,0.869,1.313,0.762,0.97,FALSE
29,3,11.749,14.434,4.938,3.03,80.62,0.709,1.63,0.614,0.925,TRUE
29,4,6.815,11.841,3.581,2.423,23.252,0.611,1.478,0.677,0.881,TRUE
29,5,12.861,16.384,5.422,3.02,95.843,0.602,1.795,0.557,0.887,TRUE
1,1,6.958,10.065,3.492,2.537,144.769,0.863,1.376,0.727,0.964,FALSE
1,2,7.381,10.417,3.757,2.501,56.628,0.855,1.502,0.666,0.968,FALSE
1,3,9.189,11.863,4.118,2.841,165.036,0.821,1.449,0.69,0.96,FALSE
2,1,7.584,10.531,3.726,2.591,155.811,0.859,1.438,0.696,0.965,FALSE
3,1,6.629,9.644,3.13,2.696,129.405,0.896,1.161,0.861,0.964,FALSE
3,2,5.277,8.626,2.731,2.46,6.56,0.891,1.11,0.901,0.956,FALSE
3,3,9.126,11.803,4.186,2.776,109.059,0.823,1.508,0.663,0.957,FALSE
3,4,12.599,13.936,5.265,3.047,99.411,0.815,1.728,0.579,0.975,FALSE
4,1,9.046,11.403,3.848,2.993,10.274,0.874,1.286,0.778,0.971,FALSE
4,2,12.683,14.291,5.227,3.089,59.645,0.78,1.692,0.591,0.962,FALSE
5,1,11.34,12.896,4.491,3.215,112.838,0.857,1.397,0.716,0.969,FALSE
5,2,14.141,17.994,6.416,2.806,104.309,0.549,2.287,0.437,0.85,TRUE
6,1,11.876,13.02,4.509,3.354,117.784,0.88,1.344,0.744,0.972,FALSE
6,2,7.643,10.471,3.622,2.687,22.542,0.876,1.348,0.742,0.967,FALSE
6,3,13.465,14.183,5.165,3.319,134.498,0.841,1.556,0.643,0.973,FALSE
6,4,15.708,16.761,5.54,3.61,37.808,0.703,1.535,0.652,0.928,TRUE
6,5,13.393,17.328,6.797,2.509,76.219,0.56,2.709,0.369,0.866,TRUE
6,6,13.034,17.481,6.613,2.509,60.074,0.536,2.635,0.379,0.844,TRUE
7,1,6.916,9.736,3.121,2.822,38.624,0.917,1.106,0.904,0.97,FALSE
7,2,7.326,10.18,3.379,2.76,61.329,0.888,1.224,0.817,0.966,FALSE
7,3,10.807,14.52,5.294,2.599,90.473,0.644,2.036,0.491,0.895,TRUE
7,4,17.867,19.31,7.43,3.062,7.471,0.602,2.426,0.412,0.885,TRUE
8,1,6.008,9.016,2.9,2.638,12.014,0.929,1.099,0.91,0.971,FALSE
8,2,12.468,13.188,4.409,3.6,71.218,0.901,1.225,0.817,0.975,FALSE
9,1,8.779,11.083,3.787,2.952,24.373,0.898,1.283,0.78,0.973,FALSE
9,2,9.071,11.527,4.055,2.848,75.74,0.858,1.424,0.702,0.97,FALSE
9,3,8.61,11.466,4.033,2.719,143.327,0.823,1.483,0.674,0.956,FALSE
9,4,7.799,11.283,4.33,2.293,154.207,0.77,1.888,0.53,0.958,FALSE
9,5,34.188,27.553,10.019,4.345,41.812,0.566,2.306,0.434,0.869,TRUE
10,1,6.536,9.476,3.18,2.617,86.227,0.915,1.215,0.823,0.971,FALSE
10,2,14.732,17.68,6.274,2.99,26.499,0.592,2.098,0.477,0.89,TRUE
10,3,15.974,18.606,6.19,3.286,168.429,0.58,1.884,0.531,0.884,TRUE
11,1,8.543,10.953,3.741,2.907,118.558,0.895,1.287,0.777,0.971,FALSE
11,2,11.188,12.728,4.33,3.289,129.065,0.868,1.316,0.76,0.971,FALSE
12,1,12.24,13.334,4.236,3.679,23.398,0.865,1.151,0.869,0.966,FALSE
12,2,9.831,12.202,4.252,2.944,156.751,0.83,1.444,0.692,0.969,FALSE
13,1,10.055,11.895,4.065,3.15,28.449,0.893,1.29,0.775,0.973,FALSE
13,2,15.797,19.548,6.69,3.006,75.583,0.52,2.225,0.449,0.846,TRUE
14,1,9.62,11.619,3.893,3.146,140.679,0.896,1.237,0.808,0.972,FALSE
14,2,16.938,19.884,7.423,2.905,148.867,0.538,2.555,0.391,0.848,TRUE
15,1,11.779,12.874,4.287,3.499,69.039,0.893,1.225,0.816,0.973,FALSE
15,2,8.002,10.715,3.757,2.712,68.668,0.876,1.386,0.722,0.969,FALSE
15,3,8.416,11.971,4.259,2.516,148.541,0.738,1.693,0.591,0.936,FALSE
15,4,16.866,18.368,6.62,3.244,86.373,0.628,2.041,0.49,0.889,TRUE
15,5,16.748,19.126,7.063,3.019,158.548,0.575,2.339,0.427,0.88,TRUE
16,1,8.023,11.191,4.034,2.532,104.712,0.805,1.593,0.628,0.965,FALSE
16,2,8.074,11.359,3.758,2.735,81.046,0.786,1.374,0.728,0.935,TRUE
17,1,8.361,10.991,3.81,2.794,101.95,0.87,1.364,0.733,0.969,FALSE
17,2,10.309,13.648,4.7,2.792,81.816,0.696,1.683,0.594,0.922,TRUE
18,1,14.048,14.098,4.69,3.813,91.501,0.888,1.23,0.813,0.973,FALSE
18,2,9.468,12,4.564,2.641,1.609,0.826,1.728,0.579,0.973,FALSE
18,3,19.452,20.543,7.821,3.167,74.705,0.579,2.47,0.405,0.882,TRUE
19,1,10.997,12.415,4.053,3.455,159.158,0.897,1.173,0.853,0.973,FALSE
19,2,13.389,13.838,4.827,3.532,5.91,0.879,1.367,0.732,0.975,FALSE
19,3,14.669,15.049,5.448,3.428,138.364,0.814,1.589,0.629,0.972,FALSE
19,4,9.46,12.199,4.494,2.68,26.691,0.799,1.677,0.596,0.962,FALSE
19,5,19.528,22.004,8.29,2.999,149.198,0.507,2.764,0.362,0.843,TRUE
20,1,8.188,10.585,3.341,3.12,32.525,0.918,1.071,0.934,0.973,FALSE
20,2,9.476,15.829,4.826,2.5,151.1,0.475,1.931,0.518,0.792,TRUE
21,1,15.083,14.504,4.787,4.012,125.689,0.901,1.193,0.838,0.978,FALSE
22,1,10.6,12.278,4.223,3.196,4.526,0.884,1.322,0.757,0.972,FALSE
22,2,15.041,15.461,5.007,3.825,87.605,0.791,1.309,0.764,0.944,TRUE
22,3,20.085,19.77,6.569,3.893,127.38,0.646,1.687,0.593,0.919,TRUE
23,4,15.146,14.481,4.565,4.225,18.84,0.908,1.081,0.925,0.976,FALSE
23,5,11.369,12.706,4.337,3.337,149.402,0.885,1.3,0.769,0.973,FALSE
23,6,17.462,18.055,6.025,3.69,62.093,0.673,1.633,0.613,0.914,TRUE
23,7,14.855,18.185,6.615,2.859,37.201,0.565,2.313,0.432,0.869,TRUE
24,1,6.473,9.46,3.241,2.543,44.862,0.909,1.275,0.785,0.972,FALSE
24,2,6.98,10.011,3.409,2.607,150.83,0.875,1.308,0.765,0.964,FALSE
25,1,4.077,7.523,2.592,2.003,6.742,0.905,1.294,0.773,0.966,FALSE
25,2,10.71,12.224,4.129,3.303,179.815,0.901,1.25,0.8,0.973,FALSE
25,3,8.234,10.753,3.523,2.976,173.722,0.895,1.184,0.845,0.969,FALSE
25,4,7.508,10.709,3.756,2.545,134.227,0.823,1.476,0.678,0.954,FALSE
26,1,7.694,10.585,3.683,2.66,159.541,0.863,1.385,0.722,0.965,FALSE
26,2,17.212,16.073,5.73,3.825,62.768,0.837,1.498,0.667,0.972,FALSE
26,3,13.254,16.003,5.334,3.164,150.647,0.65,1.686,0.593,0.906,TRUE
27,1,11.352,13.042,4.624,3.126,125.249,0.839,1.479,0.676,0.967,FALSE
27,2,8.661,12.354,3.997,2.759,130.217,0.713,1.449,0.69,0.94,TRUE
28,1,13.824,13.908,4.618,3.811,0.946,0.898,1.212,0.825,0.976,FALSE
28,2,5.133,9.26,2.996,2.182,96.807,0.752,1.373,0.728,0.932,FALSE
29,1,11.006,12.766,4.662,3.006,2.733,0.849,1.551,0.645,0.975,FALSE
29,2,9.519,12.002,4.473,2.71,36.992,0.83,1.651,0.606,0.971,FALSE
29,3,7.347,10.655,3.517,2.66,169.985,0.813,1.322,0.756,0.952,FALSE
30,1,9.278,11.489,3.976,2.971,137.427,0.883,1.338,0.747,0.97,FALSE
30,2,7.28,10.287,3.695,2.508,104.342,0.864,1.473,0.679,0.968,FALSE
30,3,17.85,17.718,5.957,3.815,177.513,0.715,1.562,0.64,0.92,TRUE
1,1,14.724,14.351,4.684,4.002,72.358,0.898,1.171,0.854,0.977,FALSE
1,2,13.423,13.724,4.638,3.685,63.308,0.896,1.258,0.795,0.976,FALSE
1,3,11.424,12.706,4.163,3.494,84.325,0.889,1.192,0.839,0.971,FALSE
2,1,4.098,7.478,2.311,2.258,62.309,0.921,1.024,0.977,0.961,FALSE
2,2,12.502,13.172,4.327,3.679,127.703,0.905,1.176,0.85,0.976,FALSE
2,3,9.058,11.213,3.65,3.16,153.493,0.905,1.155,0.866,0.973,FALSE
2,4,6.696,9.698,3.277,2.602,148.145,0.895,1.26,0.794,0.969,FALSE
2,5,12.324,13.242,4.5,3.487,65.115,0.883,1.291,0.775,0.974,FALSE
3,1,13.021,13.562,4.56,3.636,91.935,0.89,1.254,0.797,0.976,FALSE
4,1,8.754,10.899,3.428,3.252,65.139,0.926,1.054,0.949,0.975,FALSE
4,2,12.075,13.15,4.427,3.473,158.027,0.877,1.275,0.784,0.969,FALSE
4,3,5.404,9.216,3.38,2.036,163.802,0.8,1.66,0.602,0.953,FALSE
5,1,6.996,9.828,3.06,2.911,175.755,0.91,1.051,0.951,0.968,FALSE
5,2,9.633,12.583,3.641,3.369,124.088,0.765,1.081,0.925,0.927,TRUE
5,3,13.009,17.956,6.665,2.485,133.382,0.507,2.682,0.373,0.85,TRUE
6,1,9.138,11.305,3.845,3.026,43.49,0.899,1.271,0.787,0.973,FALSE
6,2,10.152,12.063,4.244,3.046,167.372,0.877,1.394,0.718,0.973,FALSE
6,3,16.756,19.808,6.934,3.077,113.174,0.537,2.254,0.444,0.843,TRUE
7,1,12.227,13.134,4.483,3.472,126.203,0.891,1.291,0.775,0.976,FALSE
7,2,8.023,10.693,3.619,2.823,37.891,0.882,1.282,0.78,0.97,FALSE
7,3,14.348,14.307,4.947,3.693,145.315,0.881,1.34,0.746,0.976,FALSE
7,4,17.795,15.997,5.477,4.137,105.766,0.874,1.324,0.755,0.976,FALSE
7,5,6.696,9.92,3.559,2.396,95.55,0.855,1.485,0.673,0.964,FALSE
8,1,6.68,9.552,3.128,2.719,149.7,0.92,1.151,0.869,0.973,FALSE
8,2,6.527,9.422,3.029,2.743,75.555,0.924,1.104,0.906,0.971,FALSE
9,1,5.416,8.604,2.742,2.515,105.48,0.919,1.091,0.917,0.966,FALSE
9,2,9.633,11.581,3.773,3.251,27.771,0.903,1.161,0.862,0.971,FALSE
9,3,5.699,8.924,3.002,2.418,98.855,0.899,1.242,0.805,0.969,FALSE
9,4,6.705,9.698,3.365,2.537,88.078,0.896,1.326,0.754,0.969,FALSE
10,1,8.699,11.083,3.64,3.043,68.241,0.89,1.196,0.836,0.967,FALSE
10,2,11.454,12.805,4.454,3.274,75.761,0.878,1.36,0.735,0.971,FALSE
10,3,21.348,22.28,8.626,3.151,127.736,0.54,2.737,0.365,0.863,TRUE
11,1,8.281,10.677,3.308,3.187,140.231,0.913,1.038,0.963,0.971,FALSE
11,2,6.375,9.384,2.927,2.773,94.751,0.91,1.055,0.948,0.967,FALSE
11,3,9.312,11.397,3.706,3.199,49.45,0.901,1.159,0.863,0.971,FALSE
11,4,8.771,11.083,3.586,3.114,9.985,0.897,1.152,0.868,0.968,FALSE
11,5,8.141,10.731,3.611,2.87,78.624,0.888,1.258,0.795,0.968,FALSE
12,1,9.983,11.749,3.828,3.321,11.923,0.909,1.153,0.867,0.976,FALSE
12,2,11.268,12.545,4.239,3.384,147.21,0.9,1.252,0.798,0.976,FALSE
12,3,9.455,11.505,3.854,3.124,166.643,0.898,1.234,0.811,0.973,FALSE
12,4,12.028,13.004,4.32,3.545,171.54,0.894,1.219,0.821,0.974,FALSE
12,5,8.171,10.877,3.544,2.936,64.641,0.868,1.207,0.828,0.965,FALSE
13,1,9.658,11.749,4.052,3.035,60.739,0.879,1.335,0.749,0.971,FALSE
13,2,5.45,8.826,2.97,2.336,103.379,0.879,1.271,0.786,0.964,FALSE
14,1,11.851,12.896,4.321,3.492,2.965,0.895,1.237,0.808,0.974,FALSE
14,2,7.212,10.103,3.352,2.74,47.735,0.888,1.223,0.817,0.97,FALSE
15,1,10.803,12.269,4.19,3.283,62.906,0.902,1.276,0.784,0.977,FALSE
15,2,4.563,7.983,2.699,2.153,86.349,0.9,1.254,0.798,0.962,FALSE
15,3,20.863,17.122,5.574,4.765,83.023,0.894,1.17,0.855,0.98,FALSE
15,4,9.743,11.841,4.127,3.006,62.959,0.873,1.373,0.728,0.972,FALSE
15,5,6.671,9.828,3.477,2.443,113.069,0.868,1.424,0.702,0.963,FALSE
16,1,9.865,11.657,3.827,3.282,146.787,0.912,1.166,0.857,0.975,FALSE
16,2,6.557,9.568,3.166,2.637,119.901,0.9,1.201,0.833,0.967,FALSE
16,3,6.092,9.346,3.138,2.472,14.604,0.877,1.269,0.788,0.959,FALSE
16,4,6.037,9.583,3.492,2.201,40.145,0.826,1.586,0.63,0.961,FALSE
17,1,10.195,11.895,4.007,3.24,161.689,0.906,1.237,0.809,0.975,FALSE
17,2,11.957,12.966,4.27,3.565,107.899,0.894,1.198,0.835,0.972,FALSE
17,3,10.959,12.453,4.282,3.259,120.234,0.888,1.314,0.761,0.973,FALSE
17,4,10.064,11.933,3.921,3.268,71.71,0.888,1.2,0.834,0.97,FALSE
18,1,10.03,11.841,3.958,3.227,83.364,0.899,1.227,0.815,0.973,FALSE
18,2,12.168,13.112,4.422,3.504,18.183,0.889,1.262,0.792,0.973,FALSE
18,3,8.686,11.083,3.835,2.884,178.473,0.889,1.33,0.752,0.973,FALSE
19,1,4.707,7.998,2.555,2.346,56.727,0.924,1.089,0.918,0.965,FALSE
19,2,10.592,12.139,4.02,3.355,105.396,0.903,1.198,0.835,0.974,FALSE
19,3,9.92,11.879,4.11,3.073,42.54,0.883,1.338,0.748,0.973,FALSE
19,4,7.744,10.509,3.63,2.716,100.401,0.881,1.336,0.748,0.966,FALSE
19,5,7.609,10.807,4.072,2.379,104.513,0.819,1.712,0.584,0.968,FALSE
20,1,10.854,12.415,4.081,3.387,136.66,0.885,1.205,0.83,0.971,FALSE
20,2,10.292,12.208,4.052,3.234,32.732,0.868,1.253,0.798,0.969,FALSE
20,3,8.395,11.289,4.227,2.529,77.17,0.828,1.672,0.598,0.969,FALSE
21,1,11.103,12.468,4.217,3.353,170.308,0.897,1.258,0.795,0.975,FALSE
21,2,6.021,9.336,3.195,2.4,1.707,0.868,1.331,0.751,0.964,FALSE
21,3,5.619,9.092,3.393,2.109,89.01,0.854,1.609,0.622,0.968,FALSE
22,1,5.856,9.07,3.082,2.419,114.616,0.895,1.274,0.785,0.967,FALSE
22,2,19.004,21.599,8.198,2.952,11.443,0.512,2.777,0.36,0.845,TRUE
22,3,22.443,24.04,8.301,3.442,89.695,0.488,2.411,0.415,0.841,TRUE
23,1,8.906,11.159,3.753,3.021,44.631,0.899,1.242,0.805,0.973,FALSE
23,2,9.443,11.527,3.937,3.054,10.676,0.893,1.289,0.776,0.973,FALSE
23,3,9.269,11.451,3.924,3.008,118.055,0.888,1.305,0.766,0.971,FALSE
23,4,11.534,12.805,4.381,3.352,98.299,0.884,1.307,0.765,0.973,FALSE
23,5,20.871,21.729,8.602,3.089,8.218,0.556,2.784,0.359,0.885,TRUE
24,1,6.739,9.66,3.269,2.625,76.077,0.908,1.245,0.803,0.97,FALSE
24,2,7.288,10.119,3.466,2.677,43.303,0.894,1.295,0.772,0.969,FALSE
24,3,12.409,13.226,4.472,3.533,92.787,0.891,1.266,0.79,0.974,FALSE
24,4,7.812,10.547,3.661,2.717,129.377,0.882,1.348,0.742,0.969,FALSE
24,5,7.681,10.531,3.623,2.699,75.112,0.87,1.342,0.745,0.968,FALSE
24,6,11.458,13.388,4.104,3.555,8.408,0.803,1.154,0.866,0.966,FALSE
25,1,4.132,7.463,2.497,2.107,27.121,0.932,1.185,0.844,0.97,FALSE
25,2,12.261,13.08,4.209,3.709,93.65,0.901,1.135,0.881,0.974,FALSE
25,3,8.374,10.991,3.763,2.833,93.578,0.871,1.328,0.753,0.968,FALSE
25,4,4.677,8.236,2.87,2.075,61.283,0.866,1.383,0.723,0.956,FALSE
25,5,8.04,10.807,3.858,2.653,144.234,0.865,1.454,0.688,0.969,FALSE
25,6,17.867,19.991,7.319,3.108,171.269,0.562,2.355,0.425,0.873,TRUE
26,1,4.943,8.274,2.84,2.216,39.152,0.907,1.281,0.781,0.967,FALSE
26,2,10.702,12.246,3.858,3.531,131.46,0.897,1.093,0.915,0.971,FALSE
26,3,7.537,10.325,3.516,2.73,56.331,0.888,1.288,0.776,0.966,FALSE
26,4,13.123,13.686,4.666,3.581,132.847,0.88,1.303,0.767,0.972,FALSE
26,5,10.309,12.155,4.146,3.166,78.463,0.877,1.31,0.764,0.969,FALSE
27,1,11.766,12.82,4.164,3.598,40.572,0.9,1.157,0.864,0.973,FALSE
27,2,4.846,8.236,2.805,2.2,41.328,0.898,1.275,0.784,0.963,FALSE
27,3,11.995,13.042,4.394,3.476,54.545,0.886,1.264,0.791,0.974,FALSE
27,4,6.701,9.751,3.39,2.517,36.028,0.886,1.347,0.743,0.97,FALSE
28,1,9.443,11.419,3.747,3.208,162.089,0.91,1.168,0.856,0.974,FALSE
28,2,7.089,9.92,3.303,2.733,48.559,0.905,1.209,0.827,0.969,FALSE
28,3,8.222,10.83,3.704,2.826,154.515,0.881,1.311,0.763,0.969,FALSE
29,1,9.493,11.451,3.754,3.22,176.231,0.91,1.166,0.858,0.973,FALSE
29,2,12.366,13.134,4.405,3.575,98.807,0.901,1.232,0.812,0.975,FALSE
29,3,8.703,11.029,3.788,2.925,113.52,0.899,1.295,0.772,0.974,FALSE
30,1,12.286,13.042,4.224,3.704,75.631,0.908,1.14,0.877,0.976,FALSE
30,2,6.908,9.958,3.47,2.535,130.849,0.875,1.369,0.731,0.968,FALSE
30,3,8.513,11.365,4.231,2.562,103.154,0.828,1.652,0.605,0.969,FALSE
30,4,10.389,13.042,3.995,3.311,38.414,0.768,1.206,0.829,0.938,FALSE
1,1,16.41,19.722,7.709,2.71,104.298,0.53,2.844,0.352,0.843,TRUE
1,2,7.994,10.547,3.472,2.932,10.94,0.903,1.184,0.844,0.968,FALSE
1,3,7.503,10.287,3.396,2.813,150.034,0.891,1.207,0.828,0.967,FALSE
1,4,9.134,11.359,3.831,3.036,78.641,0.89,1.262,0.793,0.969,FALSE
1,5,11.141,12.636,4.458,3.182,13.218,0.877,1.401,0.714,0.973,FALSE
1,6,12.945,13.632,4.642,3.551,64.72,0.875,1.307,0.765,0.971,FALSE
1,7,7.461,10.417,3.697,2.57,23.682,0.864,1.438,0.695,0.968,FALSE
1,8,9.024,11.619,4.256,2.7,169.294,0.84,1.577,0.634,0.966,FALSE
1,9,8.458,11.258,4.139,2.602,88.016,0.839,1.591,0.629,0.969,FALSE
1,10,7.203,10.462,3.869,2.371,87.975,0.827,1.632,0.613,0.963,FALSE
1,11,15.425,16.663,5.71,3.44,10.092,0.698,1.66,0.602,0.916,TRUE
1,12,10.765,14.986,5.323,2.575,147.351,0.602,2.067,0.484,0.881,TRUE
1,13,15.222,19.18,6.524,2.971,34.04,0.52,2.196,0.455,0.854,TRUE
2,1,9.282,11.511,4.033,2.93,5.101,0.88,1.376,0.727,0.973,FALSE
2,2,9.096,11.505,4.095,2.828,36.169,0.864,1.448,0.691,0.969,FALSE
2,3,19.899,20.236,7.299,3.471,93.363,0.611,2.103,0.476,0.884,TRUE
2,4,15.434,18.115,6.73,2.92,88.56,0.591,2.305,0.434,0.892,TRUE
3,1,6.477,9.568,3.177,2.596,103.301,0.889,1.224,0.817,0.963,FALSE
3,1,9.177,11.558,4.017,2.908,41.294,0.863,1.381,0.724,0.968,FALSE
4,1,11.34,12.56,4.168,3.464,12.996,0.903,1.203,0.831,0.975,FALSE
5,1,7.094,9.866,3.092,2.921,114.307,0.916,1.058,0.945,0.97,FALSE
5,2,12.24,13.08,4.397,3.544,45.671,0.899,1.24,0.806,0.976,FALSE
5,3,9.679,11.657,4.041,3.05,53.202,0.895,1.325,0.755,0.973,FALSE
5,4,8.095,10.671,3.611,2.854,127.586,0.893,1.265,0.791,0.968,FALSE
5,5,8.855,11.175,3.727,3.025,60.593,0.891,1.232,0.812,0.968,FALSE
5,6,9.155,11.489,4.13,2.822,146.847,0.872,1.463,0.683,0.972,FALSE
5,7,9.493,11.717,3.753,3.22,175.416,0.869,1.165,0.858,0.958,FALSE
5,8,8.644,11.343,4.167,2.641,158.579,0.844,1.578,0.634,0.969,FALSE
5,9,11.12,12.944,4.822,2.936,118.094,0.834,1.642,0.609,0.972,FALSE
5,10,15.721,18.882,7.273,2.752,30.894,0.554,2.643,0.378,0.872,TRUE
6,1,10.178,11.856,3.796,3.414,7.697,0.91,1.112,0.9,0.971,FALSE
6,2,10.49,12.063,3.987,3.35,34.885,0.906,1.19,0.84,0.974,FALSE
6,3,11.703,12.751,4.215,3.535,152.526,0.905,1.192,0.839,0.977,FALSE
6,4,8.146,10.677,3.578,2.899,82.517,0.898,1.234,0.81,0.97,FALSE
6,5,5.564,9.079,3.171,2.234,36.422,0.848,1.42,0.704,0.953,FALSE
7,1,7.36,10.141,3.432,2.73,37.612,0.899,1.257,0.796,0.97,FALSE
7,2,12.455,13.363,4.587,3.457,3.65,0.877,1.327,0.754,0.974,FALSE
7,3,10.152,12.177,4.293,3.011,169.988,0.86,1.426,0.701,0.971,FALSE
7,4,9.316,11.78,4.374,2.712,40.121,0.844,1.613,0.62,0.971,FALSE
7,5,8.577,11.343,4.16,2.625,10.368,0.838,1.585,0.631,0.967,FALSE
7,6,7.33,10.861,3.43,2.721,41.765,0.781,1.261,0.793,0.937,FALSE
7,7,7.689,11.188,4.435,2.208,88.333,0.772,2.009,0.498,0.964,FALSE
7,8,17.297,20.014,7.513,2.931,111.732,0.543,2.563,0.39,0.869,TRUE
8,1,11.821,12.82,4.327,3.479,28.235,0.904,1.244,0.804,0.977,FALSE
8,2,12.434,13.188,4.338,3.65,173.952,0.898,1.188,0.841,0.975,FALSE
8,3,5.509,8.794,3.02,2.323,39.289,0.895,1.3,0.769,0.966,FALSE
8,4,7.339,10.157,3.358,2.783,35.249,0.894,1.207,0.829,0.966,FALSE
8,5,11.276,13.816,4.291,3.346,130.16,0.742,1.283,0.78,0.916,TRUE
8,6,17.778,19.202,7.459,3.035,9.773,0.606,2.458,0.407,0.898,TRUE
8,7,21.564,21.659,8.429,3.257,31.88,0.578,2.588,0.386,0.887,TRUE
8,8,6.375,12.529,2.943,2.758,6.312,0.51,1.067,0.937,0.81,TRUE
9,1,6.27,9.238,2.873,2.778,45.755,0.923,1.034,0.967,0.971,FALSE
9,2,11.995,12.912,4.072,3.75,31.151,0.904,1.086,0.921,0.973,FALSE
9,3,7.368,10.119,3.128,2.999,1.451,0.904,1.043,0.959,0.966,FALSE
9,4,11.576,12.69,4.024,3.663,59.991,0.903,1.099,0.91,0.973,FALSE
9,5,7.491,10.233,3.407,2.799,175.587,0.899,1.217,0.822,0.969,FALSE
9,6,12.299,13.156,4.322,3.623,6.499,0.893,1.193,0.838,0.975,FALSE
9,7,12.189,13.134,4.122,3.765,27.071,0.888,1.095,0.914,0.97,FALSE
9,8,6.135,9.317,3.178,2.457,48.409,0.888,1.293,0.773,0.964,FALSE
9,9,11.086,12.668,4.512,3.129,59.645,0.868,1.442,0.693,0.973,FALSE
9,10,8.902,11.403,3.875,2.925,106.101,0.86,1.325,0.755,0.965,FALSE
9,11,10.579,12.627,4.751,2.835,0.774,0.834,1.676,0.597,0.974,FALSE
10,1,8.61,10.899,3.391,3.233,156.645,0.911,1.049,0.953,0.971,FALSE
10,2,7.656,10.363,3.434,2.839,10.907,0.896,1.21,0.827,0.968,FALSE
10,3,9.443,11.527,3.849,3.123,27.988,0.893,1.232,0.811,0.97,FALSE
10,4,11.179,12.652,4.197,3.391,154.59,0.878,1.238,0.808,0.968,FALSE
10,5,8.078,11.023,3.87,2.658,149.758,0.835,1.456,0.687,0.961,FALSE
11,1,5.822,8.994,2.929,2.53,136.563,0.904,1.158,0.864,0.962,FALSE
11,2,13.017,13.486,4.655,3.561,5.679,0.899,1.307,0.765,0.977,FALSE
11,3,8.251,10.785,3.441,3.054,60.047,0.891,1.127,0.888,0.965,FALSE
11,4,7.85,10.601,3.652,2.737,75.24,0.878,1.334,0.75,0.967,FALSE
11,5,8.412,11.023,3.937,2.721,131.546,0.87,1.447,0.691,0.97,FALSE
11,6,6.895,10.034,3.653,2.403,1.522,0.861,1.52,0.658,0.969,FALSE
11,7,8.64,11.444,4.214,2.611,44.127,0.829,1.614,0.62,0.966,FALSE
11,8,7.689,10.868,3.935,2.488,14.354,0.818,1.581,0.632,0.961,FALSE
11,9,7.685,10.893,4.084,2.396,132.926,0.814,1.705,0.587,0.962,FALSE
11,10,4.783,8.61,2.886,2.11,96.412,0.811,1.367,0.731,0.941,FALSE
11,11,10.934,13.686,4.396,3.167,160.095,0.734,1.388,0.721,0.914,TRUE
11,12,15.814,18.628,6.416,3.138,54.399,0.573,2.045,0.489,0.877,TRUE
11,13,16.549,20.099,7.858,2.682,147.072,0.515,2.93,0.341,0.858,TRUE
12,1,9.548,11.489,3.846,3.161,133.87,0.909,1.216,0.822,0.974,FALSE
12,2,11.783,12.782,4.077,3.68,124.985,0.906,1.108,0.903,0.973,FALSE
12,3,14.5,14.282,4.725,3.907,21.853,0.893,1.209,0.827,0.976,FALSE
12,4,9.062,11.343,3.815,3.025,31.879,0.885,1.261,0.793,0.971,FALSE
12,5,12.742,13.486,4.581,3.542,97.022,0.88,1.293,0.773,0.975,FALSE
12,6,7.584,10.661,3.911,2.469,170.264,0.838,1.584,0.631,0.966,FALSE
12,7,10.398,12.726,4.971,2.663,177.897,0.807,1.866,0.536,0.974,FALSE
12,8,17.064,19.754,7.426,2.926,109.281,0.55,2.538,0.394,0.875,TRUE
13,1,11.019,12.43,4.187,3.351,55.673,0.896,1.249,0.8,0.974,FALSE
13,2,8.065,10.639,3.306,3.106,37.08,0.895,1.064,0.94,0.966,FALSE
13,3,10.854,12.415,4.249,3.253,67.611,0.885,1.306,0.766,0.971,FALSE
13,4,10.245,12.155,4.12,3.166,136.576,0.871,1.301,0.768,0.965,FALSE
13,5,10.229,12.215,4.156,3.134,94.108,0.861,1.326,0.754,0.961,FALSE
13,6,10.41,12.43,4.046,3.276,37.663,0.847,1.235,0.81,0.95,FALSE
13,7,8.103,10.969,4.025,2.563,138.946,0.846,1.57,0.637,0.969,FALSE
13,8,11.61,13.378,4.617,3.202,75.743,0.815,1.442,0.693,0.953,FALSE
13,9,19.836,19.104,6.06,4.167,81.76,0.683,1.454,0.688,0.913,TRUE
13,10,20.144,19.357,7.348,3.491,153.049,0.676,2.105,0.475,0.918,TRUE
13,11,14.863,16.945,5.811,3.256,164.073,0.65,1.785,0.56,0.912,TRUE
13,12,19.781,19.785,6.962,3.618,138.726,0.635,1.924,0.52,0.912,TRUE
13,13,24.34,24.528,9.701,3.195,75.942,0.508,3.037,0.329,0.889,TRUE
14,1,12.527,13.226,4.213,3.786,66.849,0.9,1.113,0.899,0.973,FALSE
14,2,6.98,9.904,3.245,2.738,27.604,0.894,1.185,0.844,0.965,FALSE
14,3,6.667,9.729,3.222,2.634,33.551,0.885,1.223,0.818,0.962,FALSE
14,4,8.167,10.915,3.758,2.767,141.281,0.861,1.358,0.736,0.964,FALSE
14,5,6.642,9.996,3.57,2.369,59.696,0.835,1.507,0.664,0.961,FALSE
14,6,8.995,11.641,4.222,2.713,79.92,0.834,1.556,0.643,0.967,FALSE
14,7,8.775,11.498,4.221,2.647,128.31,0.834,1.595,0.627,0.965,FALSE
14,8,8.877,11.688,4.338,2.605,38.371,0.816,1.665,0.6,0.965,FALSE
14,9,8.163,11.334,4.068,2.555,17.309,0.799,1.592,0.628,0.946,FALSE
14,10,8.936,12.37,4.738,2.401,134.601,0.734,1.973,0.507,0.944,FALSE
14,11,17.555,19.44,7.046,3.172,124.334,0.584,2.221,0.45,0.885,TRUE
14,12,17.276,19.316,6.019,3.655,179.992,0.582,1.647,0.607,0.886,TRUE
14,13,15.129,18.565,6.485,2.971,171.012,0.552,2.183,0.458,0.844,TRUE
14,14,16.177,19.846,7.42,2.776,128.878,0.516,2.673,0.374,0.864,TRUE
14,15,18.932,22.3,8.214,2.935,10.944,0.478,2.799,0.357,0.861,TRUE
14,16,15.02,19.938,6.41,2.983,32.191,0.475,2.148,0.465,0.807,TRUE
15,1,10.3,11.879,3.843,3.412,49.375,0.917,1.126,0.888,0.977,FALSE
15,2,11.399,12.652,4.206,3.451,54.788,0.895,1.219,0.821,0.973,FALSE
15,3,13.241,13.746,4.537,3.716,46.856,0.881,1.221,0.819,0.968,FALSE
15,4,10.414,12.354,4.391,3.02,47.327,0.857,1.454,0.688,0.97,FALSE
15,5,12.142,13.426,4.275,3.616,141.436,0.847,1.182,0.846,0.958,FALSE
15,6,9.079,11.847,4.168,2.774,109.959,0.813,1.503,0.666,0.957,FALSE
15,7,16.824,18.882,6.616,3.238,108.092,0.593,2.044,0.489,0.886,TRUE
15,8,15.51,19.072,7.364,2.682,94.108,0.536,2.746,0.364,0.868,TRUE
16,1,7.778,10.417,3.544,2.795,44.548,0.901,1.268,0.789,0.971,FALSE
16,2,13.169,13.562,4.423,3.791,87.837,0.9,1.167,0.857,0.977,FALSE
16,3,12.02,14.932,5.098,3.002,44.862,0.677,1.698,0.589,0.913,TRUE
16,4,10.909,15.369,5.503,2.524,46.714,0.58,2.18,0.459,0.888,TRUE
17,1,11.91,12.928,4.243,3.574,46.287,0.895,1.187,0.842,0.973,FALSE
17,2,7.863,10.509,3.435,2.914,167.832,0.895,1.179,0.848,0.967,FALSE
17,3,11.002,12.529,4.333,3.233,96.264,0.881,1.34,0.746,0.973,FALSE
17,4,12.582,13.715,4.297,3.728,176.568,0.841,1.152,0.868,0.958,FALSE
18,1,6.012,9.108,3.076,2.488,100.594,0.911,1.236,0.809,0.97,FALSE
18,2,10.968,12.468,4.252,3.285,138.982,0.887,1.294,0.773,0.973,FALSE
18,3,6.773,9.837,3.388,2.545,143.433,0.88,1.331,0.751,0.962,FALSE
18,4,8.289,10.899,3.74,2.822,104.653,0.877,1.326,0.754,0.969,FALSE
18,5,16,17.091,5.868,3.471,74.246,0.688,1.69,0.592,0.923,TRUE
18,6,12.058,15.896,5.092,3.015,164.559,0.6,1.689,0.592,0.878,FALSE
18,7,16.405,19.193,7.31,2.857,77.062,0.56,2.558,0.391,0.888,TRUE
19,1,8.112,10.639,3.551,2.909,169.291,0.901,1.221,0.819,0.971,FALSE
19,2,8.032,10.677,3.589,2.849,105.471,0.885,1.26,0.794,0.966,FALSE
19,3,9.764,11.809,3.956,3.143,91.785,0.88,1.259,0.794,0.963,FALSE
19,4,8.255,10.861,3.793,2.771,33.837,0.879,1.369,0.731,0.969,FALSE
19,5,9.126,11.451,3.734,3.112,19.511,0.875,1.2,0.833,0.956,FALSE
19,6,7.833,10.639,3.707,2.691,122.924,0.87,1.378,0.726,0.964,FALSE
19,7,7.656,10.617,3.922,2.485,137.946,0.853,1.578,0.634,0.97,FALSE
19,8,8.784,11.419,4.212,2.655,169.448,0.846,1.586,0.63,0.971,FALSE
19,9,8.986,11.641,4.249,2.693,73.321,0.833,1.578,0.634,0.967,FALSE
19,10,8.146,11.09,4.082,2.54,2.328,0.832,1.607,0.622,0.969,FALSE
19,11,8.386,11.267,3.994,2.674,158.699,0.83,1.494,0.67,0.964,FALSE
19,12,6.118,9.751,3.205,2.431,55.542,0.808,1.318,0.759,0.939,FALSE
19,13,9.937,13.195,4.241,2.983,167.782,0.717,1.422,0.703,0.904,TRUE
19,14,13.824,17.525,5.925,2.971,151.084,0.566,1.994,0.501,0.866,TRUE
19,15,22.81,22.718,8.514,3.411,166.961,0.555,2.496,0.401,0.877,TRUE
19,16,19.152,23.238,8.067,3.023,135.361,0.446,2.669,0.375,0.792,TRUE
20,1,8.708,11.083,3.479,3.187,159.14,0.891,1.092,0.916,0.969,FALSE
20,2,9.844,11.879,4.135,3.032,20.557,0.877,1.364,0.733,0.971,FALSE
20,3,8.699,11.191,3.834,2.889,83.1,0.873,1.327,0.754,0.97,FALSE
20,4,6.777,9.92,3.567,2.419,126.133,0.865,1.475,0.678,0.967,FALSE
20,5,9.506,12.034,4.295,2.818,45.264,0.825,1.524,0.656,0.959,FALSE
21,1,4.935,8.205,2.665,2.357,42.627,0.921,1.131,0.885,0.967,FALSE
21,2,7.922,10.57,3.695,2.73,2.691,0.891,1.354,0.739,0.972,FALSE
21,3,11.711,12.912,4.254,3.506,160.209,0.883,1.213,0.824,0.967,FALSE
21,4,7.36,10.31,3.494,2.682,151.579,0.87,1.303,0.767,0.965,FALSE
21,5,10.376,12.269,4.351,3.036,1.842,0.866,1.433,0.698,0.972,FALSE
21,6,9.062,11.489,4.114,2.805,67.652,0.863,1.467,0.682,0.968,FALSE
21,7,7.736,10.715,3.952,2.493,112.444,0.847,1.585,0.631,0.97,FALSE
21,8,5.653,9.46,3.45,2.086,115.941,0.794,1.654,0.605,0.939,FALSE
21,9,15.032,18.834,5.878,3.256,33.163,0.533,1.805,0.554,0.865,TRUE
22,1,13.583,13.87,4.634,3.732,123.691,0.887,1.242,0.805,0.973,FALSE
22,2,8.492,11.083,3.877,2.789,114.126,0.869,1.39,0.719,0.968,FALSE
22,3,8.196,10.908,3.615,2.887,139.218,0.866,1.252,0.799,0.959,FALSE
22,4,9.629,11.841,4.245,2.888,73.946,0.863,1.47,0.68,0.972,FALSE
22,5,7.732,10.655,3.84,2.564,122.023,0.856,1.498,0.668,0.963,FALSE
22,6,9.008,11.52,4.2,2.73,41.4,0.853,1.538,0.65,0.968,FALSE
22,7,9.155,11.644,4.087,2.852,150.272,0.849,1.433,0.698,0.962,FALSE
22,8,4.516,8.205,3.007,1.912,4.8,0.843,1.573,0.636,0.958,FALSE
22,9,19.726,21.637,6.631,3.787,146.354,0.529,1.751,0.571,0.842,TRUE
22,10,16.177,19.877,7.667,2.687,129.462,0.515,2.854,0.35,0.864,TRUE
23,1,11.999,12.928,4.227,3.615,150.191,0.902,1.169,0.855,0.974,FALSE
23,2,7.284,10.088,3.416,2.715,103.257,0.899,1.258,0.795,0.969,FALSE
23,3,10.681,12.262,4.063,3.347,86.405,0.893,1.214,0.824,0.972,FALSE
23,4,8.446,10.969,3.82,2.815,140.232,0.882,1.357,0.737,0.969,FALSE
23,5,8.729,11.191,3.939,2.821,126.929,0.876,1.396,0.716,0.971,FALSE
23,6,7.596,11.625,3.56,2.717,150.922,0.706,1.31,0.763,0.914,TRUE
23,7,18.767,20.61,8.426,2.836,85.077,0.555,2.971,0.337,0.888,TRUE
24,1,10.034,11.749,3.909,3.268,8.334,0.913,1.196,0.836,0.976,FALSE
24,2,9.569,11.635,3.95,3.084,178.384,0.888,1.281,0.781,0.969,FALSE
24,3,14.622,14.428,4.893,3.805,80.513,0.883,1.286,0.777,0.975,FALSE
24,4,10.186,12.063,4.192,3.094,58.183,0.88,1.355,0.738,0.972,FALSE
24,5,6.806,9.897,3.496,2.479,128.429,0.873,1.41,0.709,0.965,FALSE
24,6,6.777,9.92,3.547,2.433,110.891,0.865,1.458,0.686,0.967,FALSE
24,7,9.274,11.641,4.228,2.793,73.472,0.86,1.514,0.66,0.972,FALSE
24,8,6.084,9.476,3.461,2.238,107.338,0.851,1.546,0.647,0.963,FALSE
24,9,7.833,10.839,3.954,2.522,33.626,0.838,1.568,0.638,0.963,FALSE
24,10,8.746,11.466,4.292,2.594,60.613,0.836,1.654,0.604,0.965,FALSE
24,11,9.988,12.269,4.486,2.835,74.489,0.834,1.583,0.632,0.968,FALSE
24,12,5.264,9.121,3.521,1.903,91.789,0.795,1.85,0.541,0.963,FALSE
24,13,17.618,18.644,6.379,3.517,79.013,0.637,1.814,0.551,0.895,TRUE
24,14,15.687,18.055,6.934,2.88,71.802,0.605,2.407,0.415,0.903,TRUE
25,1,12.865,13.372,4.382,3.738,170.729,0.904,1.172,0.853,0.975,FALSE
25,2,11.538,12.675,4.216,3.484,76.251,0.903,1.21,0.826,0.977,FALSE
25,3,5.556,8.94,3.191,2.217,110.602,0.874,1.44,0.695,0.965,FALSE
25,4,8.496,11.267,3.872,2.794,103.02,0.841,1.386,0.722,0.962,FALSE
25,5,9.067,11.818,4.447,2.596,33.864,0.816,1.713,0.584,0.966,FALSE
26,1,13.347,13.67,4.613,3.684,9.288,0.898,1.252,0.799,0.975,FALSE
26,2,8.543,11.083,3.714,2.929,173.45,0.874,1.268,0.789,0.966,FALSE
26,3,8.779,11.305,4.083,2.738,64.258,0.863,1.491,0.671,0.97,FALSE
26,4,9.362,12.034,4.618,2.581,143.781,0.812,1.789,0.559,0.968,FALSE
26,5,14.546,15.918,5.097,3.634,69.166,0.721,1.403,0.713,0.928,TRUE
27,1,9.189,11.289,3.728,3.138,92.019,0.906,1.188,0.842,0.973,FALSE
27,2,16.088,15.024,5.081,4.032,81.836,0.896,1.26,0.793,0.979,FALSE
27,3,12.671,13.356,4.433,3.639,24.187,0.893,1.218,0.821,0.974,FALSE
27,4,6.612,9.653,3.226,2.61,140.026,0.892,1.236,0.809,0.964,FALSE
27,5,7.841,10.531,3.62,2.758,38.465,0.888,1.312,0.762,0.968,FALSE
27,6,10.402,12.193,4.202,3.152,63.859,0.879,1.333,0.75,0.972,FALSE
27,7,7.651,10.525,3.801,2.563,147.475,0.868,1.483,0.674,0.968,FALSE
27,8,7.702,10.585,3.607,2.719,68.076,0.864,1.327,0.754,0.962,FALSE
27,9,11.686,13.042,4.718,3.154,108.821,0.863,1.496,0.669,0.976,FALSE
27,10,7.503,10.471,3.809,2.508,130.092,0.86,1.518,0.659,0.966,FALSE
27,11,8.137,11.213,4.207,2.463,110.595,0.813,1.708,0.585,0.966,FALSE
28,1,13,13.41,4.457,3.714,21.221,0.908,1.2,0.833,0.977,FALSE
28,2,13.697,13.8,4.515,3.862,150.769,0.904,1.169,0.855,0.977,FALSE
28,3,8.543,11.029,3.828,2.841,117.576,0.883,1.347,0.742,0.969,FALSE
28,4,11.597,12.881,4.511,3.273,89.261,0.878,1.378,0.726,0.974,FALSE
28,5,11.276,12.713,4.425,3.244,17.767,0.877,1.364,0.733,0.973,FALSE
28,6,8.315,11.013,4.009,2.641,80.528,0.861,1.518,0.659,0.971,FALSE
28,7,9.062,11.505,4.098,2.815,133.758,0.86,1.456,0.687,0.968,FALSE
28,8,13.089,15.223,5.557,2.999,119.027,0.71,1.853,0.54,0.941,TRUE
28,9,4.326,9.438,3.108,1.772,25.217,0.61,1.754,0.57,0.87,TRUE
28,10,11.407,15.972,6.414,2.264,97.875,0.562,2.833,0.353,0.897,TRUE
29,1,9.206,11.413,3.873,3.027,35.661,0.888,1.279,0.782,0.97,FALSE
29,2,8.762,11.283,4.001,2.788,50.625,0.865,1.435,0.697,0.968,FALSE
29,3,7.491,10.44,3.747,2.546,1.288,0.864,1.472,0.679,0.968,FALSE
29,4,10.161,12.285,4.45,2.907,65.794,0.846,1.531,0.653,0.97,FALSE
29,5,10.748,12.69,4.541,3.014,27.036,0.839,1.507,0.664,0.968,FALSE
29,6,7.415,10.646,4.005,2.357,5.9,0.822,1.699,0.589,0.966,FALSE
29,7,9.324,12.168,4.411,2.691,89.96,0.791,1.639,0.61,0.956,FALSE
29,8,18.116,19.532,6.923,3.332,13.589,0.597,2.078,0.481,0.882,TRUE
30,1,5.759,8.94,3.034,2.417,65.898,0.905,1.255,0.797,0.968,FALSE
30,2,16.621,15.223,4.973,4.256,92.421,0.901,1.168,0.856,0.977,FALSE
30,3,10.533,12.132,4.113,3.261,132.466,0.899,1.261,0.793,0.974,FALSE
30,4,9.062,11.403,4.08,2.828,12.735,0.876,1.443,0.693,0.973,FALSE
30,5,11.711,12.966,4.441,3.358,62.22,0.875,1.323,0.756,0.971,FALSE
30,6,4.55,8.151,2.705,2.142,162.883,0.861,1.263,0.792,0.954,FALSE
30,7,17.009,17.956,5.666,3.822,86.915,0.663,1.482,0.675,0.905,TRUE
30,8,23.047,23.32,7.759,3.782,162.649,0.533,2.052,0.487,0.834,TRUE
30,9,18.192,21.117,8.048,2.878,110.709,0.513,2.797,0.358,0.835,TRUE
1,1,6.392,9.422,3.195,2.547,26.301,0.905,1.254,0.797,0.97,FALSE
1,2,13.131,13.6,4.433,3.772,7.753,0.892,1.175,0.851,0.975,FALSE
1,3,8.636,11.045,3.785,2.905,116.852,0.89,1.303,0.768,0.969,FALSE
1,4,11.961,13.042,4.574,3.33,158.626,0.884,1.374,0.728,0.975,FALSE
1,5,12.02,13.226,4.58,3.341,101.708,0.863,1.371,0.73,0.972,FALSE
1,6,7.774,10.693,3.972,2.492,50.52,0.854,1.594,0.627,0.97,FALSE
1,7,6.333,9.675,3.48,2.317,36.343,0.85,1.502,0.666,0.962,FALSE
1,8,9.95,15.414,4.59,2.76,119.863,0.526,1.663,0.601,0.849,TRUE
1,9,11.838,16.875,6.813,2.212,19.261,0.522,3.079,0.325,0.872,TRUE
2,1,6.468,9.422,2.994,2.751,31.3,0.916,1.088,0.919,0.97,FALSE
2,2,6.151,9.254,2.82,2.777,109.315,0.903,1.015,0.985,0.962,FALSE
2,3,9.852,11.787,4.037,3.107,23.808,0.891,1.299,0.77,0.973,FALSE
2,4,4.563,8.052,2.67,2.176,176.142,0.884,1.227,0.815,0.954,FALSE
2,5,6.506,9.653,3.097,2.675,168.34,0.877,1.158,0.864,0.954,FALSE
2,6,8.877,11.305,3.885,2.909,176.44,0.873,1.335,0.749,0.968,FALSE
2,7,9.975,12.002,4.35,2.92,39.937,0.87,1.49,0.671,0.972,FALSE
2,8,11.378,12.843,4.516,3.208,161.728,0.867,1.408,0.71,0.973,FALSE
2,9,6.98,10.072,3.221,2.759,102.898,0.865,1.167,0.857,0.954,FALSE
2,10,6.092,9.444,3.214,2.414,13.583,0.858,1.331,0.751,0.959,FALSE
2,11,7.841,10.753,3.875,2.576,171.121,0.852,1.504,0.665,0.968,FALSE
2,12,9.122,11.641,4.033,2.88,20.564,0.846,1.4,0.714,0.963,FALSE
3,1,7.85,10.471,3.494,2.861,4.521,0.9,1.221,0.819,0.969,FALSE
3,2,11.133,12.506,4.191,3.382,22.173,0.894,1.239,0.807,0.973,FALSE
3,3,11.42,12.836,4.468,3.254,86.515,0.871,1.373,0.728,0.972,FALSE
3,4,10.254,12.285,4.473,2.919,7.481,0.854,1.532,0.653,0.972,FALSE
3,5,9.734,12.269,4.504,2.752,156.612,0.813,1.637,0.611,0.965,FALSE
3,6,12.117,14.894,4.743,3.252,163.583,0.686,1.458,0.686,0.906,TRUE
3,7,14.838,18.476,6.675,2.83,116.09,0.546,2.358,0.424,0.865,TRUE
3,8,10.229,15.468,5.879,2.215,79.443,0.537,2.654,0.377,0.87,TRUE
4,1,11.116,12.43,4.02,3.521,20.371,0.904,1.142,0.876,0.972,FALSE
4,2,6.887,9.859,3.364,2.607,91.583,0.89,1.29,0.775,0.962,FALSE
4,3,7.385,10.233,3.469,2.71,51.779,0.886,1.28,0.781,0.968,FALSE
4,4,8.505,11.013,3.744,2.892,102.271,0.881,1.295,0.772,0.964,FALSE
4,5,6.46,9.644,3.356,2.451,174.218,0.873,1.37,0.73,0.96,FALSE
4,6,8.889,11.321,3.964,2.855,55.35,0.872,1.389,0.72,0.967,FALSE
4,7,7.313,10.31,3.684,2.527,94.626,0.865,1.458,0.686,0.968,FALSE
4,8,8.923,11.441,4.09,2.778,98.228,0.857,1.473,0.679,0.969,FALSE
4,9,6.718,10.027,3.592,2.381,51.878,0.84,1.509,0.663,0.952,FALSE
4,10,16.583,16.165,5.181,4.075,83.582,0.797,1.272,0.786,0.948,TRUE
4,11,7.047,10.595,4.081,2.199,38.653,0.789,1.856,0.539,0.952,FALSE
4,12,11.42,13.986,5.653,2.572,142.546,0.734,2.198,0.455,0.954,FALSE
4,13,21.201,21.621,7.7,3.506,68.399,0.57,2.196,0.455,0.864,TRUE
5,1,4.495,8.036,2.939,1.948,179.747,0.875,1.509,0.663,0.963,FALSE
5,2,11.221,12.722,4.336,3.295,83.104,0.871,1.316,0.76,0.969,FALSE
5,3,8.796,11.305,3.966,2.824,67.155,0.865,1.405,0.712,0.968,FALSE
5,4,12.011,13.416,4.4,3.476,90.547,0.839,1.266,0.79,0.96,FALSE
6,1,10.123,11.971,4.007,3.217,102.267,0.888,1.246,0.803,0.971,FALSE
6,2,7.009,10.249,3.765,2.37,33.42,0.838,1.588,0.63,0.965,FALSE
6,3,11.213,16.976,6.676,2.138,30.009,0.489,3.122,0.32,0.838,TRUE
6,4,5.881,12.383,4.024,1.861,11.047,0.482,2.162,0.463,0.801,TRUE
7,1,8.619,10.991,3.49,3.144,16.206,0.897,1.11,0.901,0.966,FALSE
7,2,9.903,11.787,3.986,3.164,104.493,0.896,1.26,0.794,0.974,FALSE
7,3,9.806,11.787,4.056,3.078,40.186,0.887,1.318,0.759,0.972,FALSE
7,4,6.27,9.476,3.318,2.406,18.989,0.877,1.379,0.725,0.966,FALSE
7,5,7.968,10.693,3.814,2.66,47.149,0.876,1.434,0.697,0.969,FALSE
7,6,9.269,11.742,4.319,2.733,138.073,0.845,1.58,0.633,0.97,FALSE
7,7,10.359,13.816,4.915,2.683,129.72,0.682,1.832,0.546,0.912,TRUE
7,8,7.592,11.955,3.718,2.6,157.206,0.668,1.43,0.699,0.857,TRUE
7,9,18.269,18.92,7.189,3.236,125.086,0.641,2.222,0.45,0.904,TRUE
8,1,5.78,8.902,2.882,2.554,15.597,0.917,1.128,0.886,0.967,FALSE
8,2,9.396,11.543,3.746,3.193,50.039,0.886,1.173,0.852,0.967,FALSE
8,3,8.488,11.045,3.715,2.909,69.206,0.874,1.277,0.783,0.966,FALSE
8,4,8.936,11.343,3.741,3.041,107.824,0.873,1.23,0.813,0.964,FALSE
8,5,9.24,11.558,3.974,2.961,52.112,0.869,1.342,0.745,0.967,FALSE
8,6,7.461,10.7,4.049,2.346,97.997,0.819,1.726,0.579,0.963,FALSE
8,7,12.087,15.065,5.979,2.574,40.075,0.669,2.322,0.431,0.91,TRUE
9,1,13.351,13.87,4.742,3.585,172.905,0.872,1.323,0.756,0.972,FALSE
9,2,10.292,12.231,3.912,3.35,44.332,0.865,1.168,0.856,0.959,FALSE
9,3,8.475,11.489,4.144,2.604,114.765,0.807,1.591,0.628,0.949,FALSE
9,4,4.567,8.658,3.379,1.721,139.121,0.766,1.963,0.509,0.939,FALSE
9,5,16.794,16.64,5.855,3.652,47.457,0.762,1.603,0.624,0.946,TRUE
9,6,14.23,15.452,4.849,3.736,25.439,0.749,1.298,0.771,0.923,TRUE
9,7,10.406,14,4.782,2.77,71.854,0.667,1.726,0.579,0.902,TRUE
10,1,8.877,11.099,3.748,3.015,149.86,0.906,1.243,0.804,0.972,FALSE
10,2,8.606,10.953,3.57,3.069,74.294,0.901,1.163,0.86,0.968,FALSE
10,3,8.048,10.639,3.454,2.967,50.603,0.894,1.164,0.859,0.966,FALSE
10,4,8.623,11.023,3.721,2.951,130.855,0.892,1.261,0.793,0.966,FALSE
10,5,6.147,9.53,3.483,2.247,33.708,0.851,1.55,0.645,0.965,FALSE
10,6,4.631,8.373,3.036,1.942,107.396,0.83,1.564,0.639,0.958,FALSE
10,7,17.195,17.059,5.545,3.948,126.508,0.743,1.405,0.712,0.928,TRUE
10,8,12.223,14.542,5.208,2.988,76.262,0.726,1.743,0.574,0.945,TRUE
10,9,9.861,14.573,5.529,2.271,137.52,0.583,2.435,0.411,0.879,TRUE
10,10,18.429,21.643,7.789,3.013,27.081,0.494,2.585,0.387,0.845,TRUE
10,11,20.174,22.867,8.96,2.867,85.047,0.485,3.126,0.32,0.87,TRUE
10,12,10.782,17.122,6.401,2.145,66.886,0.462,2.984,0.335,0.818,TRUE
11,1,8.754,11.067,3.728,2.99,112.56,0.898,1.247,0.802,0.972,FALSE
11,2,7.064,10.011,3.486,2.58,71.52,0.886,1.351,0.74,0.967,FALSE
11,3,6.865,9.881,3.487,2.507,157.983,0.884,1.391,0.719,0.969,FALSE
11,4,8.834,11.305,3.861,2.913,70.697,0.869,1.326,0.754,0.965,FALSE
11,5,6.942,10.05,3.481,2.539,132.659,0.864,1.371,0.729,0.958,FALSE
11,6,5.083,8.648,3.127,2.07,96.821,0.854,1.511,0.662,0.964,FALSE
11,7,7.115,10.31,3.671,2.467,69.946,0.841,1.488,0.672,0.963,FALSE
11,8,10.799,12.868,4.351,3.16,43.037,0.82,1.377,0.726,0.951,FALSE
11,9,5.839,9.498,3.049,2.438,96.964,0.813,1.251,0.8,0.937,FALSE
11,10,7.111,10.883,3.347,2.705,162.66,0.754,1.237,0.808,0.928,TRUE
11,11,12.311,16.019,4.696,3.338,88.628,0.603,1.407,0.711,0.891,TRUE
11,12,5.661,11.289,2.925,2.464,39.1,0.558,1.187,0.843,0.825,TRUE
11,13,12.1,16.999,6.505,2.368,40.978,0.526,2.747,0.364,0.848,TRUE
11,14,13.266,18.85,6.444,2.621,129.541,0.469,2.458,0.407,0.818,TRUE
11,15,12.109,18.492,5.806,2.655,118.341,0.445,2.186,0.457,0.806,TRUE
12,1,8.205,10.693,3.465,3.015,152.751,0.902,1.149,0.87,0.963,FALSE
12,2,9.299,11.397,3.881,3.051,151.035,0.9,1.272,0.786,0.973,FALSE
12,3,13.199,13.616,4.565,3.682,128.831,0.895,1.24,0.807,0.975,FALSE
12,4,9.574,11.619,3.665,3.326,164.001,0.891,1.102,0.907,0.968,FALSE
12,5,11.416,12.728,4.306,3.376,174.619,0.885,1.275,0.784,0.973,FALSE
12,6,8.125,10.807,3.784,2.734,112.479,0.874,1.384,0.723,0.969,FALSE
12,7,8.682,11.213,3.802,2.908,176.33,0.868,1.307,0.765,0.963,FALSE
12,8,9.852,12.025,4.211,2.979,20.422,0.856,1.414,0.707,0.967,FALSE
12,9,11.124,12.912,4.671,3.032,117.817,0.838,1.541,0.649,0.969,FALSE
12,10,8.382,11.419,3.817,2.796,95.71,0.808,1.365,0.733,0.943,FALSE
12,11,19.084,18.292,6.481,3.749,47.843,0.717,1.729,0.579,0.924,TRUE
12,12,17.736,18.476,6.938,3.255,168.874,0.653,2.132,0.469,0.91,TRUE
12,13,14.044,16.752,4.986,3.586,33.074,0.629,1.39,0.719,0.889,TRUE
12,14,9.155,13.562,4.483,2.6,153.362,0.625,1.724,0.58,0.893,TRUE
12,15,11.141,16.47,5.179,2.739,54.109,0.516,1.891,0.529,0.843,TRUE
12,16,14.225,19.202,7.214,2.511,19.402,0.485,2.873,0.348,0.822,TRUE
13,1,7.106,9.958,3.298,2.743,116.427,0.901,1.202,0.832,0.968,FALSE
13,2,8.969,11.229,3.789,3.014,1.078,0.894,1.257,0.795,0.971,FALSE
13,3,11.099,12.506,4.172,3.387,119.198,0.892,1.232,0.812,0.973,FALSE
13,4,10.49,12.186,4.049,3.299,61.429,0.888,1.227,0.815,0.968,FALSE
13,5,10.195,12.025,4.146,3.131,106.081,0.886,1.324,0.755,0.971,FALSE
13,6,7.123,10.065,3.492,2.597,121.464,0.884,1.345,0.744,0.967,FALSE
13,7,7.039,10.088,3.586,2.499,102.195,0.869,1.435,0.697,0.967,FALSE
13,8,6.312,9.644,3.441,2.336,163.464,0.853,1.473,0.679,0.962,FALSE
13,9,12.164,14.802,4.601,3.366,178.371,0.698,1.367,0.732,0.916,TRUE
13,10,18.091,18.391,6.011,3.832,102.698,0.672,1.569,0.637,0.918,TRUE
13,11,4.647,9.568,2.998,1.973,166.272,0.638,1.519,0.658,0.883,TRUE
14,1,7.144,9.881,3.182,2.859,76.617,0.919,1.113,0.898,0.97,FALSE
14,2,5.978,9.063,2.848,2.673,106.598,0.915,1.065,0.939,0.963,FALSE
14,3,12.109,13.026,4.439,3.473,174.759,0.897,1.278,0.782,0.976,FALSE
14,4,11.652,12.82,4.354,3.407,174.853,0.891,1.278,0.783,0.974,FALSE
14,5,8.86,11.251,3.861,2.922,91.478,0.88,1.321,0.757,0.969,FALSE
14,6,7.727,10.509,3.686,2.669,15.652,0.879,1.381,0.724,0.969,FALSE
14,7,8.196,10.845,3.692,2.827,9.736,0.876,1.306,0.766,0.968,FALSE
14,8,5.864,9.216,3.234,2.309,72.613,0.868,1.401,0.714,0.961,FALSE
14,9,8.019,10.807,3.787,2.696,78.481,0.863,1.405,0.712,0.968,FALSE
14,10,7.71,10.686,3.722,2.638,33.294,0.848,1.411,0.709,0.961,FALSE
14,11,10.144,12.367,4.374,2.953,1.184,0.833,1.481,0.675,0.961,FALSE
14,12,5.095,8.94,2.682,2.419,21.625,0.801,1.109,0.902,0.922,FALSE
14,13,8.467,12.636,4.221,2.554,174.316,0.666,1.653,0.605,0.892,TRUE
14,14,12.29,18.666,5.907,2.649,11.507,0.443,2.23,0.448,0.823,TRUE
15,1,5.902,8.94,2.824,2.661,10.075,0.928,1.061,0.942,0.97,FALSE
15,2,10.981,12.376,4.023,3.475,13.022,0.901,1.158,0.864,0.972,FALSE
15,3,8.239,10.915,3.734,2.81,46.597,0.869,1.329,0.752,0.962,FALSE
15,4,6.063,9.637,3.476,2.22,20.523,0.82,1.566,0.639,0.957,FALSE
15,5,8.243,11.251,4.028,2.605,17.317,0.818,1.546,0.647,0.956,FALSE
15,6,8.086,11.175,4.22,2.44,150.263,0.814,1.729,0.578,0.966,FALSE
15,7,6.899,10.493,4.051,2.168,111.344,0.787,1.868,0.535,0.965,FALSE
15,8,10.643,15.972,6.007,2.256,85.523,0.524,2.663,0.376,0.86,TRUE
16,1,7.368,10.195,3.56,2.636,135.561,0.891,1.351,0.74,0.972,FALSE
16,2,9.624,11.673,3.983,3.076,153.989,0.888,1.295,0.772,0.97,FALSE
16,3,8.577,11.09,3.828,2.853,96.565,0.876,1.342,0.745,0.97,FALSE
16,4,9.265,11.673,4.015,2.938,48.921,0.855,1.366,0.732,0.957,FALSE
16,5,6.447,9.767,3.153,2.604,49.225,0.849,1.211,0.826,0.95,FALSE
16,6,10.055,12.224,4.391,2.916,159.947,0.846,1.506,0.664,0.968,FALSE
16,7,24.167,22.249,8.393,3.666,172.112,0.613,2.289,0.437,0.893,TRUE
16,8,10.389,15.911,6.272,2.109,6.835,0.516,2.974,0.336,0.859,TRUE
17,1,8.239,10.753,3.71,2.827,169.74,0.895,1.312,0.762,0.972,FALSE
17,2,7.043,9.973,3.503,2.56,169.994,0.89,1.368,0.731,0.969,FALSE
17,3,9.438,11.565,4.011,2.996,162.385,0.887,1.339,0.747,0.972,FALSE
17,4,11.754,12.928,4.249,3.522,36.859,0.884,1.206,0.829,0.968,FALSE
17,5,7.909,10.639,3.656,2.755,158.98,0.878,1.327,0.754,0.966,FALSE
17,6,8.522,11.143,3.786,2.866,178.977,0.862,1.321,0.757,0.965,FALSE
17,7,4.352,7.983,2.909,1.905,99.913,0.858,1.527,0.655,0.961,FALSE
17,8,5.163,8.956,3.417,1.924,137.419,0.809,1.776,0.563,0.958,FALSE
17,9,4.512,9.52,2.599,2.21,149.117,0.626,1.176,0.85,0.824,TRUE
17,10,11.961,16.187,5.72,2.663,132.809,0.574,2.148,0.466,0.858,TRUE
17,11,14.365,19.738,7.714,2.371,10.163,0.463,3.253,0.307,0.853,TRUE
18,1,7.47,10.233,3.493,2.723,12.185,0.896,1.283,0.78,0.97,FALSE
18,2,6.388,9.476,3.165,2.57,163.907,0.894,1.232,0.812,0.966,FALSE
18,3,6.798,9.79,3.365,2.572,38.577,0.891,1.308,0.764,0.969,FALSE
18,4,9.882,11.856,3.981,3.161,161.116,0.883,1.26,0.794,0.968,FALSE
18,5,5.467,8.902,3.135,2.22,36.328,0.867,1.412,0.708,0.961,FALSE
18,6,5.657,9.14,3.404,2.116,132.42,0.851,1.609,0.622,0.966,FALSE
18,7,8.623,11.419,3.858,2.846,152.256,0.831,1.355,0.738,0.957,FALSE
18,8,9.899,12.361,4.591,2.745,68.511,0.814,1.673,0.598,0.969,FALSE
18,9,10.554,13.762,4.621,2.908,117.491,0.7,1.589,0.629,0.912,TRUE
18,10,14.589,17.519,6.004,3.094,122.196,0.597,1.94,0.515,0.876,TRUE
18,11,12.104,16.317,5.979,2.578,176.081,0.571,2.319,0.431,0.88,TRUE
19,1,7.694,10.401,3.538,2.768,101.203,0.894,1.278,0.782,0.97,FALSE
19,2,6.151,9.308,3.205,2.444,61.554,0.892,1.311,0.763,0.965,FALSE
19,3,5.133,8.512,2.964,2.205,24.346,0.89,1.344,0.744,0.962,FALSE
19,4,7.694,10.639,3.826,2.56,116.509,0.854,1.494,0.669,0.968,FALSE
19,5,6.849,10.05,3.259,2.675,15.165,0.852,1.218,0.821,0.953,FALSE
19,6,4.216,8.166,2.753,1.95,43.604,0.794,1.412,0.708,0.917,FALSE
19,7,10.533,14.158,4.665,2.875,146.052,0.66,1.623,0.616,0.898,TRUE
19,8,10.106,14.656,4.841,2.658,133.473,0.591,1.821,0.549,0.876,TRUE
19,9,11.479,16.869,6.631,2.204,130.865,0.507,3.009,0.332,0.86,TRUE
19,10,14.787,19.808,7.597,2.478,157.29,0.474,3.065,0.326,0.846,TRUE
20,1,7.85,10.509,3.643,2.743,30.34,0.893,1.328,0.753,0.97,FALSE
20,2,5.209,8.579,3.039,2.182,172.574,0.889,1.393,0.718,0.971,FALSE
20,3,9.155,11.397,3.857,3.022,15.151,0.886,1.276,0.784,0.967,FALSE
20,4,10.216,12.116,4.13,3.149,148.645,0.874,1.311,0.762,0.969,FALSE
20,5,7.187,10.211,3.481,2.629,60.872,0.866,1.324,0.755,0.962,FALSE
20,6,7.609,10.547,3.705,2.615,69.124,0.86,1.417,0.706,0.966,FALSE
20,7,8.412,11.105,3.981,2.691,160.518,0.857,1.479,0.676,0.967,FALSE
20,8,10.478,12.506,4.553,2.93,152.012,0.842,1.554,0.644,0.971,FALSE
20,9,6.836,10.287,3.848,2.262,77.513,0.812,1.701,0.588,0.966,FALSE
20,10,15.311,17.909,6.291,3.099,114.777,0.6,2.03,0.493,0.886,TRUE
20,11,11.94,16.133,5.739,2.649,145.232,0.576,2.166,0.462,0.878,TRUE
20,12,14.403,18.131,6.564,2.794,139.835,0.551,2.35,0.426,0.858,TRUE
20,13,15.307,18.888,7.438,2.62,72.857,0.539,2.839,0.352,0.875,TRUE
21,1,6.143,9.124,2.811,2.783,50.388,0.927,1.01,0.99,0.971,FALSE
21,2,7.495,10.103,3.237,2.948,26.177,0.923,1.098,0.911,0.973,FALSE
21,3,11.124,12.376,3.909,3.623,156.714,0.913,1.079,0.927,0.976,FALSE
21,4,9.409,11.473,3.703,3.235,18.081,0.898,1.144,0.874,0.969,FALSE
21,5,6.194,9.346,3.036,2.598,110.913,0.891,1.169,0.856,0.963,FALSE
21,6,5.214,8.588,2.816,2.358,35.254,0.888,1.194,0.837,0.959,FALSE
21,7,7.529,10.379,3.577,2.68,54.7,0.878,1.334,0.749,0.966,FALSE
21,8,5.323,8.778,2.821,2.402,169.78,0.868,1.175,0.851,0.953,FALSE
21,9,6.008,9.346,3.454,2.215,61.984,0.864,1.56,0.641,0.969,FALSE
21,10,7.601,10.585,3.542,2.732,168.43,0.852,1.296,0.771,0.956,FALSE
21,11,9.333,11.796,4.359,2.726,42.422,0.843,1.599,0.625,0.969,FALSE
21,12,8.492,11.251,4.154,2.603,103.31,0.843,1.596,0.627,0.971,FALSE
21,13,8.982,12.123,4.138,2.764,132.212,0.768,1.497,0.668,0.943,FALSE
21,14,13.769,18.178,6.858,2.556,123.759,0.524,2.683,0.373,0.853,TRUE
22,1,7.073,9.92,3.323,2.71,44.069,0.903,1.226,0.816,0.971,FALSE
22,2,11.855,13.058,4.558,3.311,108.298,0.874,1.377,0.726,0.972,FALSE
22,3,5.725,9.101,3.183,2.29,35.506,0.868,1.39,0.719,0.961,FALSE
22,4,9.988,12.193,4.458,2.852,110.445,0.844,1.563,0.64,0.971,FALSE
22,5,8.484,11.245,3.821,2.827,133.285,0.843,1.352,0.74,0.96,FALSE
22,6,6.008,9.98,3.87,1.976,100.803,0.758,1.958,0.511,0.957,FALSE
22,7,6.844,11.755,3.562,2.446,41.738,0.622,1.456,0.687,0.864,TRUE
22,8,8.217,14.428,5.108,2.048,2.283,0.496,2.494,0.401,0.803,TRUE
23,1,4.614,7.906,2.457,2.391,41.395,0.927,1.028,0.973,0.967,FALSE
23,2,7.702,10.271,3.308,2.964,24.473,0.917,1.116,0.896,0.972,FALSE
23,3,4.584,7.945,2.566,2.275,136.582,0.913,1.128,0.887,0.964,FALSE
23,4,11.035,12.506,4.218,3.331,70.5,0.887,1.266,0.79,0.971,FALSE
23,5,7.364,10.249,3.637,2.578,49.547,0.881,1.411,0.709,0.97,FALSE
23,6,13.853,14.168,4.774,3.695,109.333,0.867,1.292,0.774,0.97,FALSE
23,7,7.799,10.646,3.533,2.811,25.579,0.865,1.257,0.796,0.961,FALSE
23,8,6.971,10.325,3.274,2.711,125.818,0.822,1.208,0.828,0.937,FALSE
23,9,8.779,11.61,4.176,2.677,161.842,0.819,1.56,0.641,0.958,FALSE
23,10,6.375,10.462,4.12,1.97,100.23,0.732,2.091,0.478,0.95,FALSE
23,11,4.462,8.756,3.45,1.646,158.693,0.731,2.096,0.477,0.947,FALSE
23,12,14.652,16.714,5.104,3.655,78.196,0.659,1.397,0.716,0.912,TRUE
23,13,14.166,16.815,5.296,3.406,123.751,0.63,1.555,0.643,0.892,TRUE
23,14,4.761,10.056,2.742,2.211,16.926,0.592,1.24,0.807,0.854,TRUE
23,15,11.154,17.611,6.809,2.086,117.043,0.452,3.264,0.306,0.821,TRUE
24,1,14.099,14.091,4.653,3.858,118.847,0.892,1.206,0.829,0.974,FALSE
24,2,7.334,10.281,3.47,2.691,63.217,0.872,1.29,0.775,0.959,FALSE
24,3,8.319,11.321,3.814,2.777,56.821,0.816,1.373,0.728,0.946,FALSE
24,4,14.66,15.055,5.014,3.723,137.016,0.813,1.347,0.742,0.952,TRUE
24,5,6.54,10.348,3.142,2.651,106.025,0.768,1.185,0.844,0.936,TRUE
25,1,5.615,8.772,2.714,2.634,76.651,0.917,1.03,0.971,0.966,FALSE
25,2,10.976,12.491,4.229,3.305,135.352,0.884,1.28,0.781,0.974,FALSE
25,3,5.754,9.162,3.257,2.249,82.102,0.861,1.448,0.691,0.964,FALSE
25,4,10.49,12.453,4.39,3.042,8.299,0.85,1.443,0.693,0.969,FALSE
25,5,9.962,12.139,4.355,2.912,88.33,0.85,1.495,0.669,0.969,FALSE
25,6,8.513,11.251,4.11,2.637,92.777,0.845,1.559,0.642,0.971,FALSE
25,7,11.589,13.334,4.319,3.417,112.58,0.819,1.264,0.791,0.949,FALSE
25,8,8.822,13.898,4.786,2.347,8.271,0.574,2.039,0.49,0.871,TRUE
25,9,15.873,19.44,6.728,3.004,43.69,0.528,2.24,0.447,0.833,TRUE
26,1,8.61,10.845,3.526,3.11,163.086,0.92,1.134,0.882,0.974,FALSE
26,2,7.208,10.05,3.448,2.661,81.399,0.897,1.296,0.772,0.969,FALSE
26,3,5.585,8.886,3.054,2.329,175.435,0.889,1.311,0.763,0.966,FALSE
26,4,8.163,10.921,3.91,2.658,71.707,0.86,1.471,0.68,0.971,FALSE
26,5,5.577,9.216,3.433,2.068,61.227,0.825,1.66,0.602,0.959,FALSE
26,6,4.056,7.96,2.928,1.764,20.86,0.804,1.66,0.602,0.951,FALSE
26,7,13.051,17.221,6.414,2.591,156.35,0.553,2.476,0.404,0.884,TRUE
26,8,15.467,19.272,7.499,2.626,119.829,0.523,2.855,0.35,0.863,TRUE
26,9,12.434,17.398,6.993,2.264,49.35,0.516,3.089,0.324,0.868,TRUE
26,10,11.242,17.725,6.267,2.284,86.911,0.45,2.744,0.364,0.832,TRUE
27,1,11.052,12.285,3.83,3.675,50.45,0.92,1.042,0.959,0.976,FALSE
27,2,5.915,9.032,2.971,2.535,76.697,0.911,1.172,0.853,0.967,FALSE
27,3,7.149,10.011,3.466,2.626,95.128,0.896,1.32,0.758,0.969,FALSE
27,4,6.92,9.881,3.306,2.665,157.619,0.891,1.241,0.806,0.966,FALSE
27,5,8.454,10.953,3.639,2.958,56.967,0.886,1.23,0.813,0.966,FALSE
27,6,6.882,10.059,3.723,2.354,141.296,0.855,1.581,0.632,0.967,FALSE
27,7,7.66,10.845,3.635,2.683,105.672,0.818,1.355,0.738,0.946,FALSE
27,8,14.014,15.658,5.292,3.371,87.281,0.718,1.57,0.637,0.934,TRUE
27,9,6.916,11.327,3.153,2.793,131.994,0.677,1.129,0.886,0.881,TRUE
27,10,9.282,13.499,4.119,2.869,113.511,0.64,1.436,0.697,0.86,TRUE
27,11,17.06,20.014,7.551,2.877,117.599,0.535,2.625,0.381,0.854,TRUE
28,1,7.322,10.141,3.355,2.779,172.183,0.895,1.207,0.828,0.966,FALSE
28,2,7.968,10.585,3.512,2.889,146.943,0.894,1.216,0.823,0.969,FALSE
28,3,13.393,13.793,4.742,3.596,110.779,0.885,1.319,0.758,0.974,FALSE
28,4,8.724,11.137,3.868,2.872,116.088,0.884,1.347,0.742,0.971,FALSE
28,5,8.931,11.305,3.877,2.933,93.603,0.878,1.321,0.757,0.97,FALSE
28,6,5.949,9.231,3.052,2.482,155.484,0.877,1.23,0.813,0.958,FALSE
28,7,11.661,12.935,4.538,3.272,46.222,0.876,1.387,0.721,0.975,FALSE
28,8,6.663,9.828,3.193,2.657,57.392,0.867,1.202,0.832,0.957,FALSE
28,9,8.479,11.229,4.15,2.602,58.708,0.845,1.595,0.627,0.968,FALSE
28,10,5.936,9.491,3.572,2.116,60.013,0.828,1.688,0.592,0.964,FALSE
28,11,4.656,8.642,3.311,1.79,64.335,0.783,1.85,0.541,0.956,FALSE
29,1,4.111,7.463,2.45,2.136,103.764,0.928,1.147,0.872,0.966,FALSE
29,2,10.486,12.484,4.546,2.937,108.646,0.845,1.548,0.646,0.97,FALSE
29,3,8.289,11.175,3.984,2.649,55.375,0.834,1.504,0.665,0.958,FALSE
29,4,7.132,10.417,3.756,2.418,107.708,0.826,1.553,0.644,0.961,FALSE
29,5,9.755,13.141,4.389,2.83,168.791,0.71,1.551,0.645,0.918,TRUE
29,6,12.02,17.864,6.56,2.333,162.069,0.473,2.812,0.356,0.832,TRUE
30,1,14.449,14.221,4.804,3.83,50.543,0.898,1.254,0.797,0.977,FALSE
30,2,6.878,9.92,3.553,2.465,53.362,0.878,1.442,0.694,0.969,FALSE
30,3,7.753,10.608,3.645,2.708,160.199,0.866,1.346,0.743,0.966,FALSE
30,4,8.695,11.466,3.719,2.976,119.403,0.831,1.25,0.8,0.949,FALSE
30,5,5.429,9.298,2.968,2.329,6.297,0.789,1.274,0.785,0.924,FALSE
30,6,10.043,13.188,4.408,2.901,62.517,0.726,1.52,0.658,0.921,TRUE
30,7,14.47,16.768,4.886,3.77,75.658,0.647,1.296,0.772,0.894,TRUE
30,8,18.852,19.608,7.66,3.134,18.908,0.616,2.444,0.409,0.91,TRUE
30,9,11.378,15.521,5.639,2.569,64.293,0.593,2.195,0.456,0.883,TRUE
30,10,11.226,15.56,5.713,2.502,169.694,0.583,2.284,0.438,0.885,TRUE
30,11,16.126,19.747,7.938,2.587,34.246,0.52,3.069,0.326,0.867,TRUE
30,12,14.221,19.668,7.129,2.54,85.341,0.462,2.807,0.356,0.838,TRUE
1,1,8.67,11.083,3.753,2.941,21.587,0.887,1.276,0.784,0.967,FALSE
1,2,6.236,9.491,3.29,2.414,124.094,0.87,1.363,0.734,0.964,FALSE
1,3,9.215,12.063,3.79,3.096,134.824,0.796,1.224,0.817,0.943,FALSE
2,1,5.378,8.588,2.823,2.426,132.399,0.916,1.163,0.86,0.967,FALSE
2,2,6.604,10.05,3.106,2.707,6.175,0.822,1.147,0.872,0.938,FALSE
2,3,8.551,11.65,4.43,2.458,60.494,0.792,1.803,0.555,0.964,FALSE
2,4,9.519,13.531,4.655,2.604,146.221,0.653,1.788,0.559,0.903,TRUE
2,5,13.376,16.431,5.808,2.932,72.882,0.623,1.981,0.505,0.885,TRUE
2,6,14.268,18.66,7.365,2.467,146.087,0.515,2.986,0.335,0.851,TRUE
3,1,8.843,11.197,3.75,3.003,55.643,0.886,1.249,0.801,0.97,FALSE
3,2,4.711,8.211,2.699,2.222,179.913,0.878,1.214,0.823,0.963,FALSE
3,3,8.991,11.359,3.963,2.889,52.329,0.876,1.372,0.729,0.97,FALSE
3,4,7.094,11.549,3.091,2.922,56.793,0.668,1.058,0.945,0.865,TRUE
3,5,18.522,19.861,7.884,2.991,130.866,0.59,2.636,0.379,0.891,TRUE
4,1,15.113,16.127,5.135,3.747,108.171,0.73,1.371,0.73,0.925,TRUE
5,1,7.242,10.027,3.246,2.84,13.666,0.905,1.143,0.875,0.967,FALSE
5,2,6.591,9.698,3.413,2.458,109.7,0.881,1.388,0.72,0.968,FALSE
5,3,8.851,11.305,4.028,2.798,50.912,0.87,1.439,0.695,0.973,FALSE
5,4,9.282,11.749,4.266,2.771,62.444,0.845,1.54,0.649,0.971,FALSE
5,5,15.303,17.994,5.97,3.264,62.464,0.594,1.829,0.547,0.874,TRUE
6,1,7.482,10.119,3.208,2.969,122.649,0.918,1.08,0.926,0.97,FALSE
6,2,6.861,9.736,2.976,2.935,53.717,0.91,1.014,0.986,0.964,FALSE
6,3,13.41,14.298,4.701,3.632,37.182,0.824,1.295,0.772,0.951,FALSE
6,4,12.704,15.645,6.222,2.6,36.103,0.652,2.393,0.418,0.92,TRUE
6,5,9.705,13.715,5.006,2.468,162.106,0.648,2.029,0.493,0.892,TRUE
6,6,12.455,16.393,5.999,2.643,125.621,0.582,2.27,0.441,0.869,TRUE
7,1,10.055,11.803,3.77,3.396,120.812,0.907,1.11,0.901,0.972,FALSE
7,2,6.692,9.881,3.461,2.462,66.988,0.861,1.406,0.711,0.963,FALSE
7,3,11.8,15.629,5.648,2.66,13.852,0.607,2.124,0.471,0.892,TRUE
8,1,10.199,11.933,3.805,3.413,57.188,0.9,1.115,0.897,0.972,FALSE
8,2,9.008,11.283,3.825,2.998,122.394,0.889,1.276,0.784,0.97,FALSE
8,3,11.078,12.76,4.565,3.09,32.125,0.855,1.477,0.677,0.97,FALSE
8,4,6.511,10.072,3.804,2.179,169.369,0.807,1.745,0.573,0.958,FALSE
8,5,15.007,18.124,5.968,3.201,91.866,0.574,1.864,0.536,0.863,TRUE
8,6,5.294,12.06,4.489,1.501,177.21,0.457,2.99,0.334,0.841,TRUE
8,7,4.859,12.307,2.952,2.096,12.603,0.403,1.409,0.71,0.717,TRUE
9,1,7.689,10.401,3.616,2.708,156.692,0.893,1.335,0.749,0.972,FALSE
9,2,7.415,10.823,3.202,2.948,141.782,0.795,1.086,0.921,0.924,FALSE
9,3,9.586,14.326,4.636,2.633,152.103,0.587,1.761,0.568,0.869,TRUE
9,4,16.025,19.043,7.602,2.684,150.464,0.555,2.832,0.353,0.89,TRUE
10,1,10.444,12.415,4.306,3.088,101.363,0.852,1.394,0.717,0.96,FALSE
10,2,18.243,18.978,7.366,3.153,91.647,0.637,2.336,0.428,0.93,TRUE
10,3,12.666,15.994,5.9,2.733,12.757,0.622,2.159,0.463,0.911,TRUE
10,4,8.999,13.515,4.266,2.686,74.236,0.619,1.588,0.63,0.874,TRUE
10,5,17.559,18.911,7.233,3.091,169.866,0.617,2.34,0.427,0.912,TRUE
10,6,11.137,15.116,5.468,2.593,178.971,0.613,2.108,0.474,0.881,TRUE
10,7,21.792,23.802,9.353,2.967,119.187,0.483,3.153,0.317,0.844,TRUE
11,1,5.416,8.664,2.772,2.488,86.677,0.907,1.114,0.898,0.965,FALSE
11,2,6.773,9.751,3.283,2.627,8.488,0.895,1.25,0.8,0.968,FALSE
11,3,8.805,11.565,4.242,2.643,162.243,0.827,1.605,0.623,0.966,FALSE
11,4,9.231,12.453,4.368,2.691,12.396,0.748,1.623,0.616,0.94,TRUE
11,5,11.23,14.948,5.415,2.64,165.598,0.632,2.051,0.488,0.899,TRUE
11,6,21.365,21.805,8.253,3.296,21.364,0.565,2.504,0.399,0.88,TRUE
11,7,14.449,18.353,7.075,2.601,98.536,0.539,2.72,0.368,0.873,TRUE
12,1,8.048,10.547,3.393,3.02,169.588,0.909,1.123,0.89,0.971,FALSE
12,2,8.547,10.899,3.391,3.209,62.368,0.904,1.057,0.946,0.969,FALSE
12,3,12.071,14.732,5.22,2.944,71.119,0.699,1.773,0.564,0.912,TRUE
12,4,12.527,16.73,5.949,2.681,166.471,0.562,2.219,0.451,0.876,TRUE
13,1,12.003,18.666,6.828,2.238,0.835,0.433,3.051,0.328,0.797,TRUE
14,1,8.965,11.365,3.477,3.283,16.818,0.872,1.059,0.944,0.963,FALSE
14,2,14.5,14.596,5.222,3.535,107.939,0.855,1.477,0.677,0.969,FALSE
14,3,9.02,12.583,4.279,2.684,80.378,0.716,1.594,0.627,0.918,TRUE
14,4,4.614,10.088,3.89,1.51,155.76,0.57,2.576,0.388,0.889,TRUE
15,1,7.909,10.417,3.352,3.004,81.86,0.916,1.116,0.896,0.972,FALSE
15,2,8.116,10.585,3.455,2.991,64.271,0.91,1.155,0.865,0.971,FALSE
15,3,14.039,14.091,4.705,3.799,140.637,0.888,1.238,0.808,0.972,FALSE
15,4,9.236,13.493,4.979,2.362,6.412,0.638,2.108,0.474,0.914,TRUE
15,5,12.882,18.185,6.602,2.484,162.139,0.49,2.657,0.376,0.849,TRUE
16,1,8.344,11.191,4.016,2.645,119.171,0.837,1.518,0.659,0.965,FALSE
16,2,13.427,18.467,6.784,2.52,160.54,0.495,2.692,0.372,0.852,TRUE
16,3,14.47,20.686,7.573,2.433,21.613,0.425,3.113,0.321,0.774,TRUE
17,1,17.871,20.955,7.822,2.909,49.755,0.511,2.689,0.372,0.847,TRUE
18,1,6.688,9.751,3.406,2.5,87.965,0.884,1.362,0.734,0.966,FALSE
18,2,12.852,15.591,5.295,3.09,147.879,0.664,1.713,0.584,0.905,TRUE
18,3,15.734,18.077,6.454,3.104,8.954,0.605,2.08,0.481,0.88,TRUE
18,4,25.295,25.311,9.722,3.313,150.241,0.496,2.935,0.341,0.847,TRUE
19,1,9.591,11.92,4.173,2.926,134.672,0.848,1.426,0.701,0.962,FALSE
20,1,7.098,9.866,3.118,2.898,66.9,0.916,1.076,0.93,0.971,FALSE
20,2,10.972,12.475,4.243,3.292,51.32,0.886,1.289,0.776,0.975,FALSE
20,3,9.861,14.472,5.24,2.396,20.719,0.592,2.187,0.457,0.875,TRUE
21,1,6.346,9.406,2.872,2.813,16.667,0.901,1.021,0.979,0.962,FALSE
21,2,12.109,14.757,5.268,2.926,66.374,0.699,1.8,0.555,0.932,TRUE
21,3,13.803,17.351,6.666,2.636,32.087,0.576,2.529,0.395,0.878,TRUE
22,1,9.202,11.657,4.158,2.818,160.616,0.851,1.475,0.678,0.968,FALSE
22,2,7.41,11.381,3.502,2.695,68.477,0.719,1.3,0.769,0.927,TRUE
22,3,12.43,16.187,5.874,2.694,65.27,0.596,2.18,0.459,0.886,TRUE
23,1,14.589,14.434,4.956,3.748,86.215,0.88,1.322,0.756,0.976,FALSE
24,1,9.079,11.489,4.05,2.855,97.266,0.864,1.419,0.705,0.966,FALSE
24,2,13.697,14.282,5.099,3.42,79.517,0.844,1.491,0.671,0.966,FALSE
24,3,4.36,9.834,2.644,2.1,37.848,0.567,1.259,0.794,0.828,TRUE
24,4,9.62,15.078,5.594,2.189,148.09,0.532,2.555,0.391,0.852,TRUE
24,5,7.127,13.21,4.995,1.817,160.607,0.513,2.749,0.364,0.849,TRUE
25,1,8.496,10.937,3.694,2.928,0.486,0.893,1.261,0.793,0.969,FALSE
25,2,10.545,12.459,4.181,3.212,93.008,0.854,1.302,0.768,0.965,FALSE
25,3,8.826,11.587,4.359,2.578,8.417,0.826,1.691,0.591,0.972,FALSE
25,4,5.999,9.628,3.437,2.223,126.025,0.813,1.546,0.647,0.95,FALSE
25,5,9.088,13.968,4.961,2.333,88.396,0.585,2.127,0.47,0.882,TRUE
25,6,13.917,17.443,6.894,2.57,117.859,0.575,2.682,0.373,0.872,TRUE
26,1,8.264,11.083,3.896,2.701,170.186,0.845,1.442,0.693,0.964,FALSE
26,2,8.323,12.053,3.715,2.852,62.321,0.72,1.302,0.768,0.921,TRUE
26,3,18.294,20.543,7.471,3.118,69.359,0.545,2.397,0.417,0.861,TRUE
27,1,12.117,15.344,5.128,3.009,54.359,0.647,1.704,0.587,0.88,TRUE
27,2,13.452,18.108,6.473,2.646,111.089,0.516,2.446,0.409,0.852,TRUE
27,3,14.504,20.984,7.457,2.476,6.914,0.414,3.011,0.332,0.823,TRUE
28,1,13.178,13.679,4.693,3.575,140.472,0.885,1.313,0.762,0.975,FALSE
28,2,8.902,11.267,3.889,2.914,52.122,0.881,1.335,0.749,0.971,FALSE
28,3,13.203,17.351,6.305,2.666,156.381,0.551,2.365,0.423,0.867,TRUE
29,1,9.409,13.271,4.556,2.63,94.252,0.671,1.733,0.577,0.91,TRUE
29,2,22.033,21.146,7.59,3.696,83.431,0.619,2.054,0.487,0.913,TRUE
30,1,6.696,10.011,3.543,2.406,39.986,0.84,1.473,0.679,0.95,FALSE
30,2,17.445,18.765,6.425,3.457,28.536,0.623,1.858,0.538,0.891,TRUE
30,3,20.064,21.576,8.015,3.187,141.183,0.542,2.515,0.398,0.858,TRUE
30,4,15.941,20.565,7.567,2.682,148.5,0.474,2.821,0.354,0.821,TRUE
1,1,14.783,14.282,4.655,4.044,23.914,0.911,1.151,0.869,0.978,FALSE
2,1,10.676,12.3,4.051,3.355,39.476,0.887,1.208,0.828,0.966,FALSE
3,1,8.64,11.153,3.693,2.978,166.658,0.873,1.24,0.806,0.969,FALSE
4,1,5.915,9.859,3.895,1.934,29.705,0.765,2.014,0.496,0.952,FALSE
5,1,12.616,16.019,5.524,2.908,173.384,0.618,1.9,0.526,0.882,TRUE
6,1,6.523,9.552,3.272,2.538,125.278,0.898,1.289,0.776,0.968,FALSE
6,2,20.947,22.35,8.79,3.034,34.579,0.527,2.897,0.345,0.875,TRUE
7,1,5.459,8.68,2.767,2.511,137.5,0.91,1.102,0.908,0.964,FALSE
7,2,12.333,13.188,4.382,3.583,64.872,0.891,1.223,0.818,0.971,FALSE
7,3,11.264,12.944,4.455,3.219,43.843,0.845,1.384,0.723,0.964,FALSE
7,4,19.823,21.523,8.537,2.957,132.259,0.538,2.887,0.346,0.868,TRUE
7,5,12.113,16.961,6.252,2.467,89.224,0.529,2.534,0.395,0.847,TRUE
7,6,20.52,22.157,8.254,3.165,103.559,0.525,2.608,0.383,0.853,TRUE
8,1,14.686,14.428,4.851,3.855,14.112,0.887,1.258,0.795,0.974,FALSE
8,2,12.096,13.22,4.597,3.35,139.274,0.87,1.372,0.729,0.971,FALSE
8,3,20.385,22.043,8.715,2.978,64.289,0.527,2.927,0.342,0.857,TRUE
9,1,8.893,12.919,4.682,2.418,8.243,0.67,1.936,0.516,0.912,TRUE
10,1,17.876,20.939,7.657,2.972,135.28,0.512,2.576,0.388,0.827,TRUE
11,1,10.917,12.598,4.393,3.164,167.989,0.864,1.388,0.72,0.969,FALSE
11,2,9.882,14.878,5.307,2.371,62.416,0.561,2.239,0.447,0.879,TRUE
11,3,13.832,18.546,7.117,2.475,18.222,0.505,2.876,0.348,0.849,TRUE
12,1,15.155,19.51,7.553,2.555,59.854,0.5,2.956,0.338,0.843,TRUE
13,1,7.605,10.379,3.553,2.726,57.173,0.887,1.303,0.767,0.967,FALSE
13,2,11.678,14.688,4.19,3.549,119.14,0.68,1.181,0.847,0.894,TRUE
13,3,14.145,17.963,6.375,2.825,155.082,0.551,2.256,0.443,0.862,TRUE
14,1,19.337,21.025,8.161,3.017,83.922,0.55,2.705,0.37,0.874,TRUE
15,1,10.406,12.085,4.106,3.226,18.574,0.895,1.273,0.786,0.974,FALSE
15,2,24.513,24.138,8.933,3.494,150.388,0.529,2.557,0.391,0.839,TRUE
16,1,13.727,13.908,4.597,3.802,2.018,0.892,1.209,0.827,0.973,FALSE
16,2,19.582,22.043,8.542,2.919,62.782,0.506,2.927,0.342,0.863,TRUE
17,1,7.799,10.325,3.326,2.986,1.184,0.919,1.114,0.898,0.972,TRUE
17,2,6.397,9.46,3.271,2.49,113.721,0.898,1.314,0.761,0.971,FALSE
17,3,13.625,17.826,5.609,3.093,68.829,0.539,1.814,0.551,0.852,TRUE
18,1,11.804,13.026,4.365,3.443,12.512,0.874,1.268,0.789,0.968,FALSE
18,2,12.383,18.584,6.708,2.35,159.003,0.451,2.854,0.35,0.81,TRUE
19,1,13.642,13.838,4.634,3.748,5.562,0.895,1.236,0.809,0.977,FALSE
19,2,24.31,24.49,8.894,3.48,94.836,0.509,2.556,0.391,0.847,TRUE
20,1,7.613,10.325,3.564,2.72,165.251,0.897,1.31,0.763,0.971,FALSE
20,2,8.348,11.013,3.897,2.728,0.862,0.865,1.429,0.7,0.966,FALSE
20,3,6.071,9.621,3.59,2.153,19.045,0.824,1.667,0.6,0.962,FALSE
20,4,17.022,20.559,7.695,2.817,165.277,0.506,2.732,0.366,0.831,TRUE
21,1,17.178,20.581,7.206,3.035,157.6,0.51,2.374,0.421,0.818,TRUE
22,1,13.139,13.746,4.774,3.505,100.226,0.874,1.362,0.734,0.974,FALSE
22,2,12.945,13.87,4.896,3.367,132.628,0.846,1.454,0.688,0.969,FALSE
22,3,15.505,18.261,6.472,3.05,43.103,0.584,2.122,0.471,0.868,TRUE
22,4,10.06,14.84,5.283,2.424,147.385,0.574,2.179,0.459,0.87,TRUE
23,1,11.94,13.011,4.297,3.538,54.419,0.886,1.215,0.823,0.972,FALSE
23,2,11.754,13.08,4.334,3.453,113.343,0.863,1.255,0.797,0.97,FALSE
23,3,9.569,13.8,4.899,2.487,88.752,0.631,1.97,0.508,0.89,TRUE
24,1,8.382,10.769,3.594,2.97,168.981,0.908,1.21,0.826,0.973,FALSE
24,2,11.665,12.82,4.264,3.483,42.65,0.892,1.224,0.817,0.974,FALSE
24,3,8.294,11.105,3.967,2.662,20.779,0.845,1.491,0.671,0.962,FALSE
24,4,18.404,21.247,8.165,2.87,60.477,0.512,2.845,0.351,0.847,TRUE
25,1,10.697,12.285,4.211,3.235,9.308,0.891,1.302,0.768,0.974,FALSE
25,2,6.189,12.13,3.913,2.014,77.318,0.529,1.943,0.515,0.843,TRUE
25,3,12.899,17.604,6.492,2.53,72.08,0.523,2.566,0.39,0.853,TRUE
25,4,17.69,20.695,8.163,2.759,76.387,0.519,2.958,0.338,0.855,TRUE
26,1,9.607,11.581,3.839,3.186,175.145,0.9,1.205,0.83,0.973,FALSE
26,2,9.168,11.343,3.733,3.127,52.58,0.895,1.194,0.838,0.97,FALSE
26,3,7.415,10.325,3.594,2.627,154.327,0.874,1.368,0.731,0.966,FALSE
26,4,12.404,17.366,6.493,2.432,42.001,0.517,2.669,0.375,0.848,TRUE
27,1,6.811,9.79,3.28,2.644,170.36,0.893,1.241,0.806,0.967,FALSE
27,2,9.519,11.78,3.859,3.141,75.14,0.862,1.229,0.814,0.965,FALSE
27,3,14.551,15.024,4.874,3.801,88.909,0.81,1.282,0.78,0.956,FALSE
27,4,10.19,16.387,5.431,2.389,103.128,0.477,2.273,0.44,0.787,TRUE
28,1,12.485,13.594,4.807,3.307,28.903,0.849,1.453,0.688,0.974,FALSE
29,1,11.488,12.782,4.263,3.431,175.741,0.884,1.243,0.805,0.973,FALSE
29,2,11.766,17.848,6.819,2.197,159.172,0.464,3.103,0.322,0.818,TRUE
30,1,8.01,10.731,3.67,2.779,21.813,0.874,1.321,0.757,0.967,FALSE
30,2,7.465,10.363,3.57,2.663,6.755,0.873,1.341,0.746,0.967,FALSE
30,3,10.359,14.878,5.155,2.559,38.315,0.588,2.014,0.496,0.868,TRUE
